weibo_id,user_name,publish_time,cleaned_text
5247724267766802,南方周末,Thu Dec 25 12:53:46 +0800 2025,贾国龙回应西贝冷冻西兰花争议【沉默100天后，贾国龙首次回应西贝预制菜风波 】 南方周末：面对预制菜质疑，你的第一反应为什么是开放厨房参观？ 贾国龙：当时没有想太多，我认为我们的厨房经得住看，不怕大家来看，因为我们在这方面投入很大，还为此专门请来专家帮助我们制定标准和流程。而且我们很早就推行明厨亮灶。 南方周末：大家看到冷冻西兰花，包装上标明保质期两年。 贾国龙：西贝用的西兰花是极速锁鲜的有机无农残的西兰花，采购价格8块多钱1斤，远高于普通新鲜西兰花价格。西兰花保质期是24个月，不是说这个西兰花要放两年再用。我们之前规定生产日期后的两个月内要用掉，现在规定一个月内必须用掉。而且，这个预加工的西兰花品质很好，可以达到出口欧盟的国际标准。
5247727168652790,南方周末,Thu Dec 25 13:05:18 +0800 2025,贾国龙说如果能重来坚决不硬刚【沉默100天后，贾国龙首次回应西贝预制菜风波 】南方周末：现在你发现自己犯了哪些错误？ 贾国龙：第一个错误是选择正面硬刚，说我宁愿不做生意，也要辨明是非，一定要起诉罗永浩；第二个错误是开放厨房；第三个错误是我在一个微信群聊里发言，回应同行关心，用了“网络黑社会”的说法。归根结底，都是因为冲动。还有一个更大的错误，是我长期忽视了顾客的声音。 南方周末：如果能重来，你会怎么做？ 贾国龙：坚决不硬刚，耐心听每一个顾客的意见。吵架得两个人吵，你不吵，也吵不起来。以后我也不再做个人IP，退回来认真干活。在管理企业方面，我还是有心得、有兴趣。好好把菜做好、服务好顾客，这才是我擅长的。
5247731653149636,极目新闻,Thu Dec 25 13:23:07 +0800 2025,【西贝预制菜风波100天后贾国龙现状】预制菜风波后贾国龙靠吃安眠药入睡2025年12月21日，冬至当天，南方周末记者在西贝北京研发中心见到了贾国龙。距离他上一次公开发声，整整过去了100天。 贾国龙称骄傲让他对很多事产生误判 这位西贝创始人说，自己连续40天靠吃安眠药入睡，每天有“处理不完的事”，憋了一肚子的心里话。 9月10日，罗永浩一条质疑西贝使用预制菜的微博登上热搜。9月11日，贾国龙回应称“西贝没有一道预制菜”，并于次日向社会开放西贝门店后厨参观。 9月12日，贾国龙接受媒体采访，承认事件对西贝造成重大冲击，日营业额损失超百万元。此后，面对“1岁宝宝2岁西兰花”“温情公关”等更多争议，贾国龙选择了沉默。 9月15日，西贝官方平台发布致歉信，宣布“尽可能把中央厨房前置加工工艺调整到门店现场加工”“在保证食品安全和库存周转的前提下，尽量缩短保质期”。 1988年从大学退学，带着5500元创业，贾国龙一路从内蒙古巴彦淖尔市临河县，将西贝开到北京，再到如今全国三百多家门店，2023年营收62亿元。 近四十年的创业过程里，贾国龙从未遇上如此汹涌的舆情。采访过程中，他很在意自己的动作和神态会不会被恶意模仿，更在意网络人身攻击。 他说，“贾国龙所有问题都可以归结到两个字——骄傲”。骄傲让他对很多事情产生误判，从投入5亿元、折腾8年执意做快餐，到选择和罗永浩正面“硬刚”。但也一如既往，贾国龙不耻于举手投降：“我认错，我向顾客认错，我向员工认错，也向我自己认错。”（南方周末）
5247735268906544,金融八卦女,Thu Dec 25 13:37:29 +0800 2025,贾国龙回应西贝预制菜风波：58岁的贾国龙第一次知道了什么叫“老登”。“我认错，我向顾客认错，我向员工认错，也向我自己认错。” 西贝预制菜风波100天后贾国龙现状
5247737916031167,观察者网,Thu Dec 25 13:48:00 +0800 2025,贾国龙回应保质期两年的冷冻西蓝花 【贾国龙首次回应西贝预制菜风波 】据南方周末12月25日报道，西贝贾国龙在沉默100天后首次回应西贝预制菜风波，采访中58岁的贾国龙第一次知道了什么叫“老登”。 采访中贾国龙总结了自身三个错误，贾国龙称：“第一个错误是选择正面硬刚，说我宁愿不做生意，也要辨明是非，一定要起诉罗永浩；第二个错误是开放厨房；第三个错误是我在一个微信群聊里发言，回应同行关心，用了“网络黑社会”的说法。归根结底，都是因为冲动。还有一个更大的错误，是我长期忽视了顾客的声音。” 对于包装上标明保质期两年的冷冻西蓝花，贾国龙表示“西贝用的西兰花是极速锁鲜的有机无农残的西兰花，采购价格8块多钱1斤，远高于普通新鲜西兰花价格。西兰花保质期是24个月，不是说这个西兰花要放两年再用。我们之前规定生产日期后的两个月内要用掉，现在规定一个月内必须用掉。而且，这个预加工的西兰花品质很好，可以达到出口欧盟的国际标准。” 对于记者反问贾国龙之前称西贝没有全部预制的菜品。贾国龙表示“除了馒头等主食以外，西贝确实没有完全炒好的、煮熟的菜品直接送到门店，只是许多菜品需要清洗、切配等前期预加工，最后环节都是在门店完成。比如说馒头花卷这些在中央厨房是做熟了的，因为它必须经过长时间面团发酵，门店很难做统一的品控，出品会很不稳定，所以就只在门店做最后的加热。” 贾国龙称，“按国家之前公布的定义，中央厨房预加工食品、主食、原材料预加工都不算预制菜，那么西贝门店里的都不算预制菜，但是，我确实不该用这一定义去对抗公众认知。 ” “我现在觉得，预制菜的定义和标准很难下，公众理解的预制菜概念也各不相同。这里还需要区分“冷冻菜”和“冷冻原料”，比如西兰花是冷冻的原料，但我在门店现煮，这就不是冷冻菜。我们现在顺应消费者的期待和要求，认真调改中央厨房，让门店多承担处理环节，回归烟火气。但西贝不可能完全脱离中央厨房，如果全部环节都由门店现做，那么管理难度会急剧扩大，食品安全的风险会大幅增加，食品安全是底线。” 对于西贝的价格问题，贾国龙表示，“西贝一直以来都有自己的生态位，成本和品质注定了西贝不会变成一个低价品牌，但也不是个高价品牌，我们希望顾客们在西贝吃得安心，且物有所值。 西贝30年前刚创业的时候就定位“小贵”，当年在临河是生意最好的餐厅之一，我们的原料和工艺都比同价位餐厅更好一些。”
5247742303539214,倪叔think,Thu Dec 25 14:05:26 +0800 2025,"沉默100天后，贾国龙决定接受南方周末专访，郑重表示，如果时间可以重来，“坚决不硬刚，耐心听每一个顾客的意见。以后我也不再做个人IP，退回来认真干活。”预制菜风波对西贝的影响是巨大的，也彻底点醒了贾国龙，从最初“硬刚罗永浩,宁愿不做生意也要辨明是非”到后来的闭嘴做事，这个转变很关键。他自己承认选择正面硬刚是第一个错误，开放厨房是第二个错误，在微信群说&quot;网络黑社会&quot;是第三个错误。 他表示，“未来不能再独断专行”、“我长期忽视了顾客的声音”。 能这么系统性地复盘自己的失误,说明反思深度到位了。 反思之后，则是改变，是实质性的成本投入。 产品端：西贝客单价从95元降到75元,降幅超过21%； 人力端：薪资上调,人力成本占比从30%主动提升到35% 管理端：接受政府监管部门80多次检查,零违法违规处罚 监督端：后厨透明化直播,把所有环节暴露在阳光下 体验端：每店增配10名欢乐使者,月薪过万,打造家庭欢乐餐厅这些动作的财务压力不小。降价+涨薪的组合,短期必然挤压利润。 产品端到体验端，每一个环节的调整都意味着成本上升，但长期看这并非坏事，如果能重建消费者信任，复购率和口碑提升会对冲成本增加。 贾国龙说： “老板少挣点，员工多挣点，顾客满意常来，商业模式就能跑通。” “扩张放慢，把欲望收缩一下，把这300多家店稳健的经营好。” 西贝的这一轮调整中，贾国龙的个人形象被完全重塑，57岁的他第一次知道了什么是“老登”，一个没有网感的老派企业家形象立住了。 贾国龙不是精明的商人，如他一般的老派企业家其实不大少数，他们长于做事但短于舆论。在商业的世界里他们叱咤风云，舆论场却几乎寸步难行。在互联网的世界里他们注定是要吃亏的，但这不妨碍他们是真诚但笨拙的实干家。从危机公关的角度看,这次专访比之前所有的声明和辩解都有效。 贾国龙反思贾国龙向顾客和员工认错"
5247745187120648,小明同学,Thu Dec 25 14:16:54 +0800 2025,时隔100天西贝贾国龙接受媒体采访 采访中提到了和罗永浩的这次隔空对战。贾国龙表示：如果能重来坚决不硬刚，耐心听每一个顾客的意见。吵架得两个人吵，你不吵，也吵不起来。以后我也不再做个人IP，退回来认真干活。在管理企业方面，我还是有心得、有兴趣。好好把菜做好、服务好顾客，这才是我擅长的。 另外他也坦然的公开认错，向顾客、向员工、也向自己，唯独没有向老罗。[皱眉] 巧的是最近飞象网项立刚也和老罗产生了摩擦，项立刚提到“网络输赢不取决谁有理，而是谁更会煽动网民情绪”。 这两起事情看似关联不大，但他们似乎都在说罗永浩是一个会煽动情绪的人，他的特长是演讲和打造人设，互联网让老罗如鱼得水。大家觉得呢？科技先锋官贾国龙后悔了
5247748925818778,环闻财经-肖力军,Thu Dec 25 14:31:45 +0800 2025,西贝预制菜风波100天后贾国龙现状预制菜风波百日 贾国龙带西贝硬闯信任重建路！ 西贝预制菜风波过去100天，曾经硬刚网友的贾国龙如今彻底换了模样。这位创始人在最新采访中连说三个“认错”，向顾客、员工和自己道歉，坦言当初不该和消费者硬刚，更不该忽视大家的声音，连续40天靠安眠药入睡的经历，让他读懂了“做饭的要围着吃饭的转”。 风波后西贝的改变藏在细节里：全国门店装上6个全覆盖摄像头，后厨直播无死角，顾客能实时看到羊肉串现串、鸡汤现熬的全过程；30多道菜品降价近20%，客单价从92元降到75元，贾国龙明确“降价是长期的，绝不反弹”；10余道核心菜品回归门店现制，连儿童餐的牛肉酱都改成当场炒制，同时给一线员工平均涨薪500元，稳住服务根基。 80多次政府检查零处罚，证明西贝食安底线没破，但贾国龙清醒认知到：比起法律定义，顾客的感受才是硬道理。他不再纠结“央厨预加工算不算预制菜”，而是收缩扩张计划，专注把300多家门店做稳，还计划升级“家庭欢乐餐厅”模式。 这场风波更像行业公开课：餐饮工业化和消费者对“烟火气”的期待本不矛盾，矛盾的是信息不透明。贾国龙的转身告诉我们，品牌犯错不可怕，可怕的是回避问题。如今西贝周末排号量回升到230多桌，这份回暖证明，真诚认错、踏实整改，才是赢回信任的唯一捷径。全网热点共创计划秒懂热点就用智搜
5247749347871995,科技事儿,Thu Dec 25 14:33:26 +0800 2025,西贝预制菜风波过去100多天，贾国龙最新发声：不应选择和顾客硬刚，未来要耐心听他们的意见，明确菜品降价是长期的，不会再涨价。 “我认错，向顾客认错，向员工认错，也向我自己认错”。贾国龙坦言，自己不应该和顾客硬刚，人都是吃一堑长一智，未来不能再独断专行，并表示自己“长期忽视了顾客的声音”“未来要耐心听每位顾客的意见”。 开始打感情牌了，不会是华与华出的主意吧。对比之下，我还是更喜欢他那副桀骜不驯、死不认错的样子[doge]
5247751055212948,电商行业,Thu Dec 25 14:40:13 +0800 2025,西贝预制菜风波后，贾国龙后悔了，不该硬刚罗永浩、也不该开放厨房。 西贝预制菜风波100天后贾国龙现状
5247751215385845,南方周末,Thu Dec 25 14:40:51 +0800 2025,贾国龙说如果能重来坚决不硬刚【沉默100天后，贾国龙首次回应西贝预制菜风波 】 1988年从大学退学，带着5500元创业，贾国龙一路从内蒙古巴彦淖尔市临河县，将西贝开到北京，再到如今全国三百多家门店，2023年营收62亿元。近四十年的创业过程里，贾国龙从未遇上如此汹涌的舆情。采访过程中，他很在意自己的动作和神态会不会被恶意模仿，更在意网络人身攻击。过去三个月，58岁的贾国龙第一次知道了什么叫“老登”。贾国龙说向顾客和员工认错
5247751718965074,蘑菇的二姐,Thu Dec 25 14:42:51 +0800 2025,刚看完贾国龙的专访，说实话觉得这个57岁的“老登”也不容易。连续40天靠安眠药才能睡着，每天处理不完的事，第一次知道自己被叫&quot;老登&quot;，也坦诚自己之前有点骄傲。这些细节太真实了，一个完全没有网感的老派企业家，在面对网络舆论冲击措手不及的样子，活生生地展现在我们面前。 看了下西贝在认真调改。降价是实打实的，客单价从95到75，这不是做样子。给员工涨薪，每个店增加10个欢乐使者，人力成本主动增加5个点。后厨装透明玻璃，政府来检查80多次零处罚，食品安全这块不掉链子。这是对品质和服务的坚守，和现在餐饮行业“降本增效“是完全不同的思路。 最打动我的是他在南方周末采访里说的那句&quot;我认错，向顾客认错，向员工认错，也向自己认错&quot;。一个快60岁的人，能这么深刻地反思真诚承认错误，这并不容易。 谁都有犯错的时候，谁都想有改错的机会，还是希望西贝能有更好地的发展。 贾国龙反思贾国龙向顾客和员工认错
5247752466334864,宏康010,Thu Dec 25 14:45:49 +0800 2025,西贝预制菜风波100天后贾国龙现状贾国龙非得跟罗永浩硬刚，最后自己得吃安眠药入睡，你看人家罗永浩，项立刚连着打，他就是不回应，忙着开“科技春晚”去了。
5247753148173032,余丰慧,Thu Dec 25 14:48:32 +0800 2025,当企业被规模扩张的野心裹挟，忽视消费者的核心诉求，再辉煌的商业帝国生成也可能在舆论风暴中摇摇欲坠。 预制菜风波后贾国龙靠吃安眠药入睡西贝预制菜风波：傲慢的代价，品牌信任的崩盘 贾国龙的40天安眠药依赖，是西贝品牌信任崩塌的生动注脚。从经济学视角看，这场危机本质是品牌价值与消费者信任的严重背离。 西贝长期以&quot;匠心现制&quot;塑造高端定位，收取溢价，这本质是消费者为&quot;品质体验&quot;支付的信任对价。但当品牌用预制菜的成本，卖出现制菜的价格，形成&quot;价值错配&quot;，直接触发了消费者的信任反噬。 更致命的是，贾国龙的&quot;硬刚&quot;公关，违背了市场交易的&quot;诚信原则&quot;，将品牌置于消费者对立面。从日均损失百万营收，到闭店止损、疯狂促销，西贝陷入&quot;成本攀升-价格击穿-信任流失&quot;的恶性循环。 这场风波证明，餐饮品牌的核心资产永远是消费者信任。当企业被规模扩张的野心裹挟，忽视消费者的核心诉求，再辉煌的商业帝国生成也可能在舆论风暴中摇摇欲坠。贾国龙的认错，是迟到的醒悟，但重建被透支的品牌信任，绝非一句道歉就能完成。 西贝预制菜风波100天后贾国龙现状
5247753303362488,满分少女这只魚,Thu Dec 25 14:49:09 +0800 2025,预制菜风波后贾国龙靠吃安眠药入睡2025年9月，罗永浩公开质疑西贝使用预制菜且价格虚高，引发品牌危机。贾国龙称此次风波是西贝成立37年来&quot;最大外部危机&quot;，导致他连续40天依赖安眠药助眠，且每日需处理大量突发事务，身心承受巨大压力。 预制菜风波后贾国龙靠吃安眠药入睡
5247753316734868,用户7483494847,Thu Dec 25 14:49:12 +0800 2025,西贝预制菜风波100天后贾国龙现状他真的少说话吧！这个采访还是他委屈的要死的感觉。
5247753354740873,科技猩球,Thu Dec 25 14:49:21 +0800 2025,【西贝预制菜风波100天后贾国龙现状】预制菜风波后贾国龙靠吃安眠药入睡2025年12月21日，冬至当天，南方周末记者在西贝北京研发中心见到了贾国龙。距离他上一次公开发声，整整过去了100天。 贾国龙称骄傲让他对很多事产生误判 这位西贝创始人说，自己连续40天靠吃安眠药入睡，每天有“处理不完的事”，憋了一肚子的心里话。 9月10日，罗永浩一条质疑西贝使用预制菜的微博登上热搜。9月11日，贾国龙回应称“西贝没有一道预制菜”，并于次日向社会开放西贝门店后厨参观。 9月12日，贾国龙接受媒体采访，承认事件对西贝造成重大冲击，日营业额损失超百万元。此后，面对“1岁宝宝2岁西兰花”“温情公关”等更多争议，贾国龙选择了沉默。 9月15日，西贝官方平台发布致歉信，宣布“尽可能把中央厨房前置加工工艺调整到门店现场加工”“在保证食品安全和库存周转的前提下，尽量缩短保质期”。 1988年从大学退学，带着5500元创业，贾国龙一路从内蒙古巴彦淖尔市临河县，将西贝开到北京，再到如今全国三百多家门店，2023年营收62亿元。 近四十年的创业过程里，贾国龙从未遇上如此汹涌的舆情。采访过程中，他很在意自己的动作和神态会不会被恶意模仿，更在意网络人身攻击。 他说，“贾国龙所有问题都可以归结到两个字——骄傲”。骄傲让他对很多事情产生误判，从投入5亿元、折腾8年执意做快餐，到选择和罗永浩正面“硬刚”。但也一如既往，贾国龙不耻于举手投降：“我认错，我向顾客认错，我向员工认错，也向我自己认错。”（南方周末）
5247753552923672,天冷要御寒k,Thu Dec 25 14:50:08 +0800 2025,西贝预制菜风波100天后贾国龙现状在经历预制菜舆论风暴100天后，西贝创始人贾国龙首次打破沉默，以连续40天依赖安眠药入睡的憔悴状态直面公众，坦言“骄傲导致误判”，并向顾客、员工及自己道歉。 西贝预制菜风波100天后贾国龙现状
5247753555807516,铁骥视频科技频道,Thu Dec 25 14:50:09 +0800 2025,【贾国龙称西贝倒闭就回草原养羊，贾国龙称起诉罗永浩是错的】12月25日，西贝创始人贾国龙接受媒体采访时表示，自己连续40天靠吃安眠药入睡，憋了一肚子的心里话。过去三个月，58岁的贾国龙第一次知道了什么叫“老登”。贾国龙承认错误:第一个错误是选择正面硬刚，说我宁愿不做生意，也要辨明是非，一定要起诉罗永浩；第二个错误是开放厨房；第三个错误是我在一个微信群聊里发言，回应同行关心，用了“网络黑社会”的说法。 贾国龙称:“假如西贝活不下来，我绝对不会再创业了，和夫人回草原养羊，日子还得过。现在我们的客单价是75元左右，较之前降了20%，已降价的菜品不会再涨价，是长期的。” 9月10日， 一条质疑西贝使用预制菜的微博登上热搜。9月11日，贾国龙回应称“西贝没有一道预制菜”，并于次日向社会开放西贝门店后厨参观。
5247753688974786,我不是J我是Joker,Thu Dec 25 14:50:41 +0800 2025,西贝预制菜风波100天后贾国龙现状推动预制菜立法了吗？ 西贝预制菜风波100天后贾国龙现状
5247753698937842,时光一笔,Thu Dec 25 14:50:43 +0800 2025,西贝预制菜风波100天后贾国龙现状肯定好不到哪里去
5247753739569896,津云新闻,Thu Dec 25 14:50:53 +0800 2025,西贝预制菜风波100天后贾国龙现状预制菜风波后贾国龙靠吃安眠药入睡9月10日，罗永浩一条质疑西贝使用预制菜的微博登上热搜。9月11日，贾国龙回应称“西贝没有一道预制菜”，并于次日向社会开放西贝门店后厨参观。9月12日，贾国龙接受媒体采访，承认事件对西贝造成重大冲击，日营业额损失超百万元。此后，面对“1岁宝宝2岁西兰花”“温情公关”等更多争议，贾国龙选择了沉默。9月15日，西贝官方平台发布致歉信，宣布“尽可能把中央厨房前置加工工艺调整到门店现场加工”“在保证食品安全和库存周转的前提下，尽量缩短保质期”。（极目新闻）
5247753774698747,方成说进口车,Thu Dec 25 14:51:01 +0800 2025,西贝预制菜风波100天后贾国龙现状调整产品品质、降价、给员工涨薪……事实证明真诚才是必杀技…学到了 方成说进口车的微博视频
5247753823194530,喜欢娱乐喜欢美食,Thu Dec 25 14:51:13 +0800 2025,西贝预制菜风波100天后贾国龙现状的相关内容，来智搜看看预制菜强制明示 西贝预制菜风波100天后贾国龙现状 人要诚信。有预制菜就是承认。预制菜强制公示，是大众所望。预制菜价格占现炒菜价格的25%到50%（预制菜4级标注）
5247753828961443,策划人毛庆海,Thu Dec 25 14:51:14 +0800 2025,西贝预制菜风波100天后贾国龙现状预制菜风波后贾国龙靠吃安眠药入睡2025年12月21日，冬至当天，南方周末记者在西贝北京研发中心见到了贾国龙。距离他上一次公开发声，整整过去了100天。 贾国龙称骄傲让他对很多事产生误判（南方周末）↓↓↓极目新闻的微博视频
5247753949283950,ID_韩潮,Thu Dec 25 14:51:43 +0800 2025,“连续40天靠安眠药入睡”，这话更像情绪表演，而不是医学事实。 不是说人不能失眠，而是这种说法本身就经不起推敲。 真正连续服用安眠药40天的人，大概率会出现耐药、反跳性失眠、白天迟钝，很难再保持高频公开发声、密集决策、持续输出观点。 要么是医学常识被忽略，要么是夸张表达，要么干脆只是一个用来证明“我很难、我很拼”的叙事道具。 问题不在睡没睡着，而在于，当一个商业领袖开始用极端个人痛苦来证明自己正确，而不是用清晰数据和长期方案说话，那已经是信号了。 企业需要的是冷静、稳定、明智的判断，不是靠“我有多难熬”来支撑信心。 如果连睡眠都要靠故事加成，那这个商业帝国，可能真要睡过去了。 预制菜风波后贾国龙靠吃安眠药入睡 西贝预制菜风波100天后贾国龙现状
5247754067510806,上海西郊豪宅,Thu Dec 25 14:52:11 +0800 2025,贾国龙首次回应西贝预制菜风波避重就轻，混淆视听！所有的回应都在回避你用不健康、不营养、不便宜的预制菜欺骗消费者的事实！
5247754141959530,追剧观山海,Thu Dec 25 14:52:29 +0800 2025,西贝预制菜风波100天后贾国龙现状不如继续保持沉默
5247754165289526,挖水井的贞子,Thu Dec 25 14:52:33 +0800 2025,"西贝预制菜风波100天后贾国龙现状确实是预制菜,认错也是应该的. 但我们打工的,就不去考虑人家老板现状了,还是多考虑下自己一日三餐比较实际."
5247754244196879,大脑门杨怼怼,Thu Dec 25 14:52:53 +0800 2025,贾国龙首次回应西贝预制菜风波希望越改越好小问题及时纠正中式快餐需要更规范的发展
5247754331750838,石家庄地铁君,Thu Dec 25 14:53:14 +0800 2025,【西贝预制菜风波100天后贾国龙现状预制菜风波后贾国龙靠吃安眠药入睡贾国龙称骄傲让他对很多事产生误判】2025年12月21日，冬至当天，南方周末记者在西贝北京研发中心见到了贾国龙。距离他上一次公开发声，整整过去了100天。这位西贝创始人说，自己连续40天靠吃安眠药入睡，每天有“处理不完的事”，憋了一肚子的心里话。
5247754348797776,吉瓦吉瓦蚌,Thu Dec 25 14:53:18 +0800 2025,西贝预制菜风波100天后贾国龙现状 企业做这么大不容易，最应该的是把嘴巴闭上，最近都不要公开露面好好管理公司
5247754529670645,潘金莲飞翔宇宙,Thu Dec 25 14:54:01 +0800 2025,西贝预制菜风波100天后贾国龙现状这就叫人教人教不会，事教人一教就会
5247754553262630,爱吃玉米的果冻猫,Thu Dec 25 14:54:07 +0800 2025,西贝预制菜风波100天后贾国龙现状他到底在委屈啥啊，主要原因还是你这预制菜卖的太贵
5247754599139014,喜欢娱乐喜欢美食,Thu Dec 25 14:54:18 +0800 2025,西贝预制菜风波100天后贾国龙现状🌸预制菜强制明示 100天。包括40天失眠。撒谎的代价。还硬抗。现在说道歉。亡羊补牢，为时不晚
5247754704257751,思维奔逸,Thu Dec 25 14:54:43 +0800 2025,终于服软了，时隔三个月，贾国龙对媒体表示：如果再选择一次，坚决不硬刚，未来不能再独断专行。他透露，“现在西贝的客单价是75元左右，较之前降了20%，已降价的菜品不会再涨价，同时如果西贝活不下来，以后不再创业，会和夫人回草原养羊。”预制菜风波后贾国龙靠吃安眠药入睡
5247754797844008,沐静儿,Thu Dec 25 14:55:05 +0800 2025,西贝预制菜风波100天后贾国龙现状 西贝预制菜风波已过百日，创始人贾国龙的现状早已跳出单纯的舆论漩涡，成为一场关于品牌与消费者关系的深度实践。 从最初硬刚质疑、深陷“2年保质期西兰花”等信任危机，到如今三度认错、坦言“连续40天靠安眠药入睡”，贾国龙的转变本质是放下行业标准执念，正视公众认知的清醒转身。 百日之间，贾国龙带领西贝交出了实打实的整改答卷：10余道菜品回归门店现制，30余道菜品降价近20%，客单价从92元降至75元且承诺不反弹，全国门店落实“阳光厨房”直播，八十余次政府检查零处罚印证食安底线。 更难得的是，风波中不降薪反而给一线员工涨薪500元，收缩扩张欲望深耕300余家门店，展现了企业责任与经营理性。 这场危机让贾国龙明白，连锁餐饮的根基从不是规模神话，而是消费者的信任体感。他放弃“少人化”旧思路，转向“多用人、用好⼈”的家庭欢乐餐厅新模式，既是对争议的回应，也是对行业趋势的预判。 今天的贾国龙，少了意气之争，多了躬身倾听的沉稳。对于西贝而言，风波不是终点，唯有将“耐心听顾客意见”真正融入经营肌理，才能让降价、现制等举措不止于危机公关，真正实现品牌信任的重建与长效增长。秒懂热点就用智搜
5247754809901105,待爆顶流预备员,Thu Dec 25 14:55:07 +0800 2025,西贝预制菜风波100天后贾国龙现状又出来卖惨了……什么时候都是风波过后卖卖惨就有人同情他了……谁来同情一下老百姓辛辛苦苦赚的钱想吃点健康的结果是预制菜……
5247754938879356,吃怡口芋圆,Thu Dec 25 14:55:39 +0800 2025,预制菜风波后贾国龙靠吃安眠药入睡2025年9月，罗永浩公开质疑西贝使用预制菜且价格虚高，引发品牌危机。贾国龙称此次风波是西贝成立37年来&quot;最大外部危机&quot;，导致他连续40天依赖安眠药助眠，且每日需处理大量突发事务，身心承受巨大压力。
5247755003627170,十年一芯,Thu Dec 25 14:55:54 +0800 2025,西贝预制菜风波100天后贾国龙现状最根本错误就是你和到店消费的顾客刚什么啊！消费者有吐槽的权利，又没说不付饭钱
5247755027221170,聚一路散一路,Thu Dec 25 14:56:00 +0800 2025,西贝预制菜风波100天后贾国龙现状【西贝事件后续】总结就一句话，餐饮透明化已成大势所趋，消费者要的不是完美，而是知情权。上海一路上海一路微博中长视频扶持计划一分钟视频创作季…… 聚一路散一路的微博视频
5247755035608640,老梁不郁闷,Thu Dec 25 14:56:02 +0800 2025,西贝预制菜风波100天后贾国龙现状看了一下，到底也没有承认用预制菜，道歉也不包括罗永浩
5247755136271481,小禾尖尖Log,Thu Dec 25 14:56:26 +0800 2025,他错就错在了“硬刚”！在商场做餐饮有预制菜太正常不过了，非要嘴硬说自己“没有一道预制菜”……与其证明自己不是预制菜，不如证明预制菜也是可以干净健康的。西贝预制菜风波100天后贾国龙现状
5247755167727960,Dr_金子善,Thu Dec 25 14:56:32 +0800 2025,西贝预制菜风波100天后贾国龙现状不得不说，西贝的脑袋是真硬，扛住了风波，还又赚了一波流量与知名度你就是天天骂西贝，依然会有自来水排队送钱就该人家发财，你有啥办法呢？反正爱谁吃谁吃，我是不吃！૮₍ꐦ -᷅ ⤙ -᷄ ₎ა 张家口·世纪饭店
5247755169828737,健识局,Thu Dec 25 14:56:34 +0800 2025,预制菜风波后贾国龙靠吃安眠药入睡 在2025年“西贝预制菜”的舆情风波中，西贝创始人贾国龙受到持续的媒体关注和舆论压力。根据南方周末等多家媒体的报道，贾国龙在接受采访时透露，自己在事件后连续40天依赖安眠药才能入睡。 压力引发的失眠绝非 “单纯睡不着”，而是会触发全身健康的 “多米诺骨牌效应”。长期失眠会导致认知功能下降，注意力涣散、记忆力衰退，还会让焦虑、抑郁的发病风险激增，形成 “压力→失眠→情绪恶化” 的恶性循环。从生理层面看，失眠会削弱免疫系统活性，使身体对抗病毒的能力下降，同时扰乱心血管系统节律，增加高血压、心肌梗死的风险，还可能引发代谢紊乱，导致激素失衡、消化功能失调等问题。（健识局 李木子）
5247755368011483,林云雅客,Thu Dec 25 14:57:21 +0800 2025,西贝预制菜风波100天后贾国龙现状贾总这是吃一堑长一智，自我总结认知错误。在经历预制菜舆论风暴100天后，西贝创始人贾国龙首次打破沉默，以连续40天依赖安眠药入睡的憔悴状态直面公众，坦言“骄傲导致误判”，并向顾客、员工及自己道歉。
5247755468414290,又开始了是吧D,Thu Dec 25 14:57:45 +0800 2025,西贝预制菜风波100天后贾国龙现状其实不如沉默，说多错多。谁没有工作堆积，出现睡眠问题的时候呢。 西贝预制菜风波100天后贾国龙现状
5247755666853155,唐辰同学Link,Thu Dec 25 14:58:32 +0800 2025,贾国龙首次回应西贝预制菜风波贾国龙沉默100天，再次面对媒体时，姿态放低很多，并对外认错。他觉得自己犯了几个重大错误： 第一个错误是选择正面硬刚，说我宁愿不做生意，也要辨明是非，一定要起诉罗永浩； 第二个错误是开放厨房； 第三个错误是我在一个微信群聊里发言，回应同行关心，用了“网络黑社会”的说法。 归根结底，都是因为冲动。还有一个更大的错误，是我长期忽视了顾客的声音。 从中，还是能看到老家内心的一丝不服气。但这种情绪，相对于面对公众的态度来说，已经不那么重要。接下来，西贝公关的工作也会好做很多。 有一点不太认同的是，硬刚老罗并不算什么错。对自家产品和商业模式的信心，是必要的。 真要挑毛病，还是老贾没控制住情绪，自己持枪就冲上来了，把所有的缓冲空间都挤爆了。
5247755796613550,颁奖者长寿,Thu Dec 25 14:59:03 +0800 2025,西贝预制菜风波100天后贾国龙现状吃40天安眠药都不死，他就这么想活着吗
5247756083921066,灯火入眉弯sum,Thu Dec 25 15:00:11 +0800 2025,西贝预制菜风波100天后贾国龙现状不要打什么“感情牌”咯，说得我们这些🐮🐴就没有因为工作失眠过似的既要又要的，说来说去不还是没有正面回答预制菜这个事情…
5247756118790125,数码小樱,Thu Dec 25 15:00:20 +0800 2025,西贝预制菜风波100天后贾国龙现状我都快忘记西贝这回事了，结果老板又上热搜了，其实我觉得最大的问题是一个身居高位的老板他处理的事太多了，身边的人给出的信息太单一，所以一件很简单的舆情事件会搞的那么复杂
5247756257203856,white501i,Thu Dec 25 15:00:53 +0800 2025,西贝预制菜风波100天后贾国龙现状这话说的，实在这么难受，直接甩手一卖，反正都财富多少个亿的人了，想干嘛就干嘛，和自己过不去？还是不知足不满足罢了！
5247756325096286,微微辣Vila,Thu Dec 25 15:01:09 +0800 2025,我看到一个很有趣的说法 西贝事件，直接颠覆了很多城市中产家庭的内部权力结构。导致宣称“西贝是优质健康食物的年轻妈妈们话语权大幅下降”，而认为“外面的东西哪有家里自己做的放心”的婆婆们的话语权大幅上升。 想太多了，婆婆也不想做饭。 西贝预制菜风波100天后贾国龙现状 不要卖惨，落实整改就行。
5247756369396014,电商派,Thu Dec 25 15:01:19 +0800 2025,西贝贾国龙后悔硬刚罗永浩 自曝连续40天靠吃安眠药入睡，创始人贾国龙认错了，网友：罗永浩吵架全胜战绩至今无人能破。 西贝预制菜风波100天后贾国龙现状
5247756614762686,王玮晨,Thu Dec 25 15:02:17 +0800 2025,西贝贾国龙沉默100天后出来接受南方周末采访。 承认自己的三个错误： 第一个错误是选择正面硬刚，说我宁愿不做生意，也要辨明是非，一定要起诉罗永浩； 第二个错误是开放厨房； 第三个错误是我在一个微信群聊里发言，回应同行关心，用了“网络黑社会”的说法。 如果能重来，坚决不硬刚。 人都是吃一堑长一智，未来不能再独断专行。这件事让我意识到了自己的幼稚和无知。 西贝预制菜风波100天后贾国龙现状
5247756761039719,Hebe今天睡醒了吗,Thu Dec 25 15:02:53 +0800 2025,贾国龙首次回应西贝预制菜风波从“起诉罗永浩”到“向顾客认错”，100天的转变藏着餐饮行业的生存逻辑：连锁品牌离不开中央厨房，但更离不开对消费者感受的敬畏，希望降价不反弹、整改不流于表面！ Hebe今天睡醒了吗的微博视频
5247756763662694,该用户特别可爱,Thu Dec 25 15:02:54 +0800 2025,西贝预制菜风波100天后贾国龙现状 有观点批评其“打感情牌”，认为认错是为挽救业绩，且回避向罗永浩道歉；另有网友讽刺“月薪三千心疼吃安眠药的老板”。
5247757369477441,维克托2920,Thu Dec 25 15:05:18 +0800 2025,西贝预制菜风波100天后贾国龙现状反正不会去吃，有人愿意去就去，吃出问题自己承担
5247757436584763,夏若微凉1823,Thu Dec 25 15:05:34 +0800 2025,西贝预制菜风波100天后贾国龙现状 风波期间失眠严重，连续40天依赖安眠药入睡，自称每天面对“处理不完的事”，甚至首次知晓网络流行词“老登”的含义。 西贝预制菜风波100天后贾国龙现状
5247757474334944,胡锡进,Thu Dec 25 15:05:43 +0800 2025,看了媒体的这个长篇报道。感觉被互联网狠狠教训了的贾国龙和西贝还是挺真诚的。哪里跌倒就在哪里爬起来，我们的市场和社会应当鼓励这样的反省和不放弃，以及百折不回。西贝能做到正餐连锁的头部，一定不是一无是处的，一定有它好的和值得坚守的东西。围绕预制菜的复杂争议也不应用一家企业的命运来祭旗。我们的批评不是为了把一家头部餐饮企业打倒并埋葬，而是帮它更健康，与时俱进。 希望西贝风波最终回头看，是互联网上一个高质量的批评互动故事，希望网上的口诛笔伐最终是社会张力，而非实体企业不可预测，致命且无法逃脱的龙卷风。
5247757545640374,TECH百晓,Thu Dec 25 15:06:00 +0800 2025,西贝预制菜风波100天后贾国龙现状上个月去吃了一次万象城的西贝。很好吃、而且价位也比之前便宜不少了不管咋咋地的预制菜，我经常去商场吃饭。个人感觉要比开在外面的小馆子干净吧，就是价格要贵一些
5247757695847605,二孩困扰,Thu Dec 25 15:06:36 +0800 2025,西贝预制菜风波100天后贾国龙现状 贾国龙一句话道出了多少心酸，不该硬刚罗永浩，不该仓促开放厨房等等，但是他也作对一件很重要的事，不管生意好不好，留住自己的员工，没客人就培训员工技能，甚至还给员工涨工资。把服务做好，把客人留住。 一分钟视频创作季
5247757737787455,菠萝碎心姨,Thu Dec 25 15:06:45 +0800 2025,西贝预制菜风波100天后贾国龙现状不挑刺也不会改，都是该的，谁和你共情
5247757767409695,用户7015049806,Thu Dec 25 15:06:52 +0800 2025,西贝预制菜风波100天后贾国龙现状哕……
5247757814333790,五步一徘徊,Thu Dec 25 15:07:03 +0800 2025,西贝预制菜风波100天后贾国龙现状共情不了一点
5247758344917391,一品一晶,Thu Dec 25 15:09:11 +0800 2025,100多天过去，被罗永浩点名的贾国龙终于再度露面表态。 这番迟来的发声，到底是公关公司精心策划的稿子，还是真的低下头打感情牌求谅解，实在让人捉摸不透。 他坦言所有错误根源全在自己，都是骨子里的骄傲自满惹的祸，是这份傲气让他迷失，一开始就不应该和顾客硬刚，才一步步酿下诸多事端。 此次他郑重认错道歉，既向信任他的顾客致歉，也向一同打拼的员工致歉，更向当初狂妄自大的自己深刻认错。 最后明确表态，此次菜品调价为长期降价，今后绝不会再随意涨价，力求稳住人心。 西贝预制菜风波100天后贾国龙现状热点解读﻿
5247758367981950,栖_peri,Thu Dec 25 15:09:16 +0800 2025,西贝预制菜风波100天后贾国龙现状还不消停，老板又把自己抬上来了
5247758445315649,淡蓝ban子匠,Thu Dec 25 15:09:35 +0800 2025,西贝预制菜风波100天后贾国龙现状西贝为了证明自己不是预制菜，都已经开始在门口串羊肉串了就是不知道，是不是表面一套背后一套了一分钟视频创作季 淡蓝ban子匠的微博视频
5247758552535550,游戏书也酱,Thu Dec 25 15:10:00 +0800 2025,西贝预制菜风波100天后贾国龙现状 “为了让他睡个好觉，以后都不吃西贝了”，看似玩笑却藏着心软——其实大家反感的从来不是预加工，而是被隐瞒的知情权，现在他诚恳反思、踏实整改，何必再赶尽杀绝？ 餐饮创业本就不易，能扛着压力认错调整，还守住不裁人的底线，这样的企业值得一次被原谅吧？有没有人愿意等风波过后再去尝尝降价后的西贝，帮老爷子缓一缓？
5247758963575278,东路先锋97,Thu Dec 25 15:11:38 +0800 2025,西贝预制菜风波100天后贾国龙现状 餐饮工业化与消费者“烟火气”需求的根本矛盾，需以真诚而非辩论重建信任。
5247759053751652,全都埗诗人,Thu Dec 25 15:12:00 +0800 2025,西贝预制菜风波100天后贾国龙现状又开始公关了
5247759282078028,想宁三岁了lyn,Thu Dec 25 15:12:53 +0800 2025,西贝预制菜风波100天后贾国龙现状西贝风波本质是餐饮工业化与消费者情感价值的碰撞。贾国龙的认错是重建信任的第一步，但扭转“预制菜≠低质高价”的公众认知，仍需通过持续透明的产品实践而非公关话术。
5247759489696121,wu--1990,Thu Dec 25 15:13:43 +0800 2025,【西贝预制菜风波100天后贾国龙现状】预制菜风波后贾国龙靠吃安眠药入睡西贝创始人说，自己连续40天靠吃安眠药入睡每天有“处理不完的事”，憋了一肚子的心里话不管做什么生意，一定要坦诚对待消费者你们说呢？
5247759590624118,菌武视界,Thu Dec 25 15:14:08 +0800 2025,西贝预制菜风波100天后贾国龙现状预制菜风波后，我看到了西贝的另一面三分钟视频助燃计划微博超有用视频大赛 菌武视界的微博视频
5247759713049161,创新二哥,Thu Dec 25 15:14:37 +0800 2025,贾国龙首次回应西贝预制菜风波一个有血性的汉子，最终还是选择了妥协。风波以后40天靠安眠药入睡，重新审视自己的错误，矫正方向，重新启航，一个有责任有担当的企业家，加油！西贝。
5247759722741925,闲云战鹤,Thu Dec 25 15:14:38 +0800 2025,西贝预制菜风波100天后贾国龙现状贾国龙为“预制菜”三个字吞下安眠药，映出餐饮业在效率与信任间的撕裂。西贝靠中央厨房标准化做大，却败在一句“没有预制菜”的傲慢表述。缩短保质期、开放后厨只是止血，真正要修复的是消费者“被蒙”的心：把供应链说清、把选择权交回、把“现做”标准写进菜单，才能让人吃得安心，睡得踏实。闲云杂谈
5247759772812699,在下元十二,Thu Dec 25 15:14:51 +0800 2025,好心疼贾老师，为了他，2026年，我要努力赚钱，好天天顿顿都能消费得起2岁的西兰花～西贝预制菜风波100天后贾国龙现状的相关内容，来智搜看看。 西贝预制菜风波100天后贾国龙现状
5247759775172273,A狐狸的猪猪,Thu Dec 25 15:14:52 +0800 2025,西贝预制菜风波100天后贾国龙现状100天前，西贝创始人贾国龙因预制菜争议与罗永浩隔空对峙，一度成为餐饮圈热议的焦点。彼时，贾国龙为西贝预制菜模式辩护的言论引发舆论两极分化，有人认为预制菜是餐饮工业化的必然趋势，也有消费者质疑西贝“现做现卖”的品牌承诺打了折扣。 时隔百日，贾国龙首度打破沉默接受采访，言谈间难掩对这场风波的反思。他坦言，风波后西贝收到了大量消费者的反馈，团队用了近三个月时间梳理门店运营流程，不仅对预制菜的使用场景和标识做了更清晰的规范，还重启了“手工现做”的核心菜品试点。同时他也表示，餐饮工业化与消费体验的平衡是行业难题，西贝不会因争议放弃预制菜的研发，但会更注重与消费者的沟通。 从风波中的强硬表态，到如今的理性反思，贾国龙的转变背后，是西贝在预制菜赛道上的策略调整。而这场争议也让整个餐饮行业意识到，预制菜的发展不能只追求效率，更要兼顾消费者的感知与信任。
5247760083455378,互外刘,Thu Dec 25 15:16:05 +0800 2025,贾国龙首次回应西贝预制菜风波这个世界总是这样，默声做事的人比不过伶牙俐齿的人，而一旦对线，往往都是灾难级的，我吃过几次西贝，我对它的价格和口味是不满意的，但总体我认为西贝仍然是一家优秀的企业，还记得美团王兴曾说过“一直好奇为什么西贝每一道菜都好吃”，贾总啊，你还是闷声继续做事吧，多多聆听消费者声音。过去几年你确实老登味道重了点，知道改变就行了，只要事情做对了，自有大儒为你辩经。
5247760129590889,最贵段子手蟹蟹,Thu Dec 25 15:16:16 +0800 2025,西贝预制菜风波100天后贾国龙现状人家都不提这事了，媒体真坏啊🤔
5247760237330914,蚩面Ike,Thu Dec 25 15:16:41 +0800 2025,西贝预制菜风波100天后贾国龙现状作为一个老板是有多爱出风头啊，大众刚忘了，你就又跳出来提醒大家，乖乖闭嘴不行吗？
5247760275344899,作家出版人姚茂敦,Thu Dec 25 15:16:51 +0800 2025,贾国龙首次回应西贝预制菜风波保持好心态很重要。我觉得无论多大的企业，都不可能不犯错。选择谦虚和诚实，才能让自己活得更开心一点。要不然，每天的杂事会让人心累。想开了，就好了。
5247760301293930,糖哩个糖呀,Thu Dec 25 15:16:56 +0800 2025,贾国龙首次回应西贝预制菜风波 人到了一定的高度，就有可能长期听不到真实的声音，处于某种意义上的“信息茧房”。这就会导致自身认知和实际出现偏差，俗称“飘了”。 西贝预制菜这个事情，贾总当初的应对堪称地狱级别的灾难。 这次的反省认错，不知道是公关公司发挥了作用，还是因为损失惨重，真的吃一堑长一智了呢？ ​​​​
5247760514941063,币下生花,Thu Dec 25 15:17:47 +0800 2025,人都是吃一堑长一智，未来不能再独断专行。这件事让我意识到了自己的幼稚和无知。 很多吃着89十年代红利起来的老板，都是这样的，觉得他就是天皇老子，在公司内部对员工横行霸道，随意辱骂他人。但是他不知道人外有人，天外有天，总有能让他低头的人和事。我就亲身在经历着这样的人的人生。『沉默100天后，贾国龙首次回应西贝预制菜风波』
5247760807761204,记录者寒冰,Thu Dec 25 15:18:58 +0800 2025,西贝预制菜风波100天后贾国龙现状 这个事儿还真不能怪罗太君，他其实也就是吐槽一下难吃而已，是这位贾老板的危机公关实在是太拉胯。而且是到了降智的程度，还一而再再而三的拉胯。以至于人们不得不怀疑，他请的那两兄弟做公关，是不是引狼入室做卧底的？
5247760875126917,33Grace21,Thu Dec 25 15:19:13 +0800 2025,西贝预制菜风波100天后贾国龙现状没有底线、满嘴谎言的品牌！这么多年拍着胸口说无添加，结果全是添加剂！！！居然还用临期食品！！！顾客是人体下水道这块，算是让西贝玩明白了！
5247761213558048,金刀王,Thu Dec 25 15:20:35 +0800 2025,西贝预制菜风波100天后贾国龙现状消费者不懂预制菜，大众不懂西兰花🥦。慢慢培养吧，总有一天你们会懂什么才是真的好菜。
5247761349870665,长春这噶儿,Thu Dec 25 15:21:07 +0800 2025,贾国龙首次回应西贝预制菜风波1. 知情权才是争议的核心 西贝这事闹了一百天，贾国龙终于回应了。很多人骂预制菜不好，其实大家不是不能接受预制菜。平时买的速冻饺子、方便菜都是预制的，没人说啥。 关键问题在藏着掖着。西贝卖着现做菜的价格，用着预加工食材，还不说明白。消费者花了高价，心里盼着现切现炒的烟火气，结果吃的是解冻加热的菜，换谁都不舒服。 贾国龙说按国家定义不算预制菜，可老百姓的理解很简单。提前做好冻起来，门店只加热，那就是预制菜。企业不能拿专业定义当挡箭牌，无视消费者的真实感受。 现在国家也要求餐饮企业明示预制菜使用情况。这不是为难商家，是给消费者选择权。明明白白标注出来，愿意花高价吃现做的就选现做，想图方便吃预制的也可以，大家各取所需。 餐饮行业的诚信，往往就藏在这些透明里。你把话说透，把情况讲清，消费者反而能理解。遮遮掩掩的，再好的食材和工艺，也会让人觉得不真诚。秒懂热点就用智搜
5247761473865085,三个老爸实验室,Thu Dec 25 15:21:37 +0800 2025,西贝预制菜风波100天后贾国龙现状看了一下采访内容，贾国龙反思，说明他遇到问题能够自己转弯，很多人其实到了这个岁数是很难转弯的，这点来说其实挺难得，这块就不说了。 从食品安全角度来说，之前风波的时候我就说过，冷链是食品工业的重要发明，冷链不代表就不健康，比如他这个西兰花是&quot;极速锁鲜的有机无农残&quot;，采购价8块多一斤，远高于普通西兰花价格。虽然保质期是24个月，但现在规定1个月内必须用掉，这个周转标准比之前严格多了，我个人觉得是完全可以接受的。 预加工的东西，其实我是相当接受的，所以平时如果我点外卖，反而经常点商场里的店做的，因为这种预加工，我觉得至少不会比外面随便一个不知道名字的店里的东西要更有底。 另外里面提到西贝接受了各级政府监管部门80多次检查，零违法违规处罚。这个记录不是一天能做出来的，说明内部食安管理体系确实在严抓。做食品检测的都知道，80多次检查能保持零处罚，需要的内控标准其实挺严的。 我上个月去吃了好几次，他们厨房也都是玻璃透明的，我觉得整体上来说上次的风波，其实也算是好事，让西贝多做点改进，剩下的就是消费者自己去评判了。
5247761689348737,焰契_,Thu Dec 25 15:22:28 +0800 2025,西贝预制菜风波100天后贾国龙现状消费者要知情权（如明确预制菜标识），企业要效率平衡，而贾国龙的百日转型能否弥合这一裂痕，仍是西贝重获信任的关键。不是什么预制菜都吃
5247761743087089,好樊啊我酷茶掉了,Thu Dec 25 15:22:41 +0800 2025,西贝预制菜风波100天后贾国龙现状华与华又来害老贾了
5247762187681855,我是蔡涛-本涛,Thu Dec 25 15:24:26 +0800 2025,西贝预制菜风波100天后贾国龙现状西贝事件让老贾成长了，老罗给老贾上了一课！老贾也承认了自己判断错误选择了硬刚！ 贾国龙所有问题都可以归结到两个字——骄傲”。骄傲让他对很多事情产生误判，从投入5亿元、折腾8年执意做快餐，到选择和罗永浩正面“硬刚”。但也一如既往，贾国龙不耻于举手投降：“我认错，我向顾客认错，我向员工认错，也向我自己认错。
5247762243259748,能再-救一救的小桃心,Thu Dec 25 15:24:40 +0800 2025,西贝预制菜风波100天后贾国龙现状大家快忘了，他又开始扑腾了，真是拦也拦不住啊！
5247762435935667,酒嗨high,Thu Dec 25 15:25:26 +0800 2025,西贝预制菜风波100天后贾国龙现状三大指数集体上涨，贵州茅台收盘价达1414.17元/股 诶呦，我天！早盘还在惊奇今天是什么日子，太阳从西边出来了？阴了三个交易日的白酒股终于放晴了～今天无需纠结选什么歌，一首邓丽君的《圣诞·快乐》送给白酒股：叮铃铃 叮铃铃 铃声响亮，带给你好运道 快乐又逍遥；叮铃铃 叮铃铃，铃声响亮；带给你好运道 快乐又逍遥；看白雪飘飘 飘飘向四郊；那车儿辚辚 那马儿萧萧；看圣诞老人 他翩然来到……早盘沪指3952.50点上涨0.29%，18只白酒股上涨，金徽酒2.12%领涨白酒股；尾盘三大指数集体上涨，沪指3959.62点上涨0.47%，20只白酒股上涨。白酒板块上涨1.09%，水井坊午后涨停，7只白酒个股连续上涨2个交易日，今天的白酒股难道是圣诞老人给的礼物？不管了，先开心了再说～祝大家圣诞快乐～
5247762488625276,悟空的店,Thu Dec 25 15:25:39 +0800 2025,西贝预制菜风波100天后贾国龙现状 不吃
5247762731893460,财经杂志,Thu Dec 25 15:26:37 +0800 2025,【贾国龙回应1.8万人作战大会贾国龙称意识到自己幼稚无知】2025年12月21日，冬至当天，记者在西贝北京研发中心见到了贾国龙。距离他上一次公开发声，整整过去了100天。对于“预制菜风波”，贾国龙说：人都是吃一堑长一智，未来不能再独断专行。这件事让我意识到了自己的幼稚和无知。 此前，9月12日，曾有西贝“1.8万人作战大会”照片流出，贾国龙回应称：是顾客拍的，不是内部流出。我们从一年前开始，每天晚上都开当天的经营复盘会，全国门店直播。那天开得早了，还有顾客在店里没吃完，你看，这又反映出我的幼稚，一切都是匆忙应对。（南方周末）贾国龙称如果能重来绝不硬刚
5247762905432499,长发小猪姐,Thu Dec 25 15:27:18 +0800 2025,西贝预制菜风波过去100天了，谁受的影响大，也都看出来了吧？西贝预制菜风波100天后贾国龙现状 长发小猪姐的微博视频
5247763742722562,听风之铃,Thu Dec 25 15:30:38 +0800 2025,西贝预制菜风波100天后贾国龙现状南方周末也可以采访下罗永浩，问问那些天是否睡得香！
5247763774442637,霍小兵,Thu Dec 25 15:30:45 +0800 2025,贾国龙首次回应西贝预制菜风波？贾国龙回应西贝冷冻西兰花争议贾国龙说向顾客和员工认错 ，贾国龙说如果能重来坚决不硬刚嗯，老大当久了，一点点违背自己的话语就能冲昏大脑！这也是绝对权力带来的风险全网热点共创计划微博超有用视频大赛 霍小兵的微博视频
5247763965280815,石泉人在东莞,Thu Dec 25 15:31:31 +0800 2025,西贝预制菜风波100天后贾国龙现状100天后，58岁的贾国龙首次低头认错，用“降价+现做+多人力”组合止血，试图把西贝从“预制菜”标签里拉回来，但门店收缩与利润承压仍将是2026年必须面对的硬仗。 东莞 石泉人在东莞的微博视频
5247763998574730,星语猫猫,Thu Dec 25 15:31:39 +0800 2025,西贝预制菜风波100天后贾国龙现状 公众争议焦点 信任重建难题：部分消费者认可降价和现制改革，但质疑“80次检查零处罚”等数据缺乏官方佐证； 预制菜定义分歧：贾国龙坚持“西贝无完全预制菜品”（仅预加工原料），但承认“不该用行业定义对抗公众认知”。 网络评价两极：支持者肯定其整改诚意，反对者批评“卖惨”并指其未解决价格虚高本质。秒懂热点就用智搜
5247764108936342,kitty了喵,Thu Dec 25 15:32:05 +0800 2025,西贝预制菜风波100天后贾国龙现状支持者肯定其整改诚意，反对者批评“卖惨”并指其未解决价格虚高本质。 西贝预制菜风波100天后贾国龙现状
5247764151929638,郑房有问有答,Thu Dec 25 15:32:15 +0800 2025,贾国龙回应西贝冷冻西兰花争议贾国龙首次回应西贝预制菜风波 南方周末：面对预制菜质疑，你的第一反应为什么是开放厨房参观？ 贾国龙：当时没有想太多，我认为我们的厨房经得住看，不怕大家来看，因为我们在这方面投入很大，还为此专门请来专家帮助我们制定标准和流程。而且我们很早就推行明厨亮灶。 南方周末：大家看到冷冻西兰花，包装上标明保质期两年。 贾国龙：西贝用的西兰花是极速锁鲜的有机无农残的西兰花，采购价格8块多钱1斤，远高于普通新鲜西兰花价格。西兰花保质期是24个月，不是说这个西兰花要放两年再用。我们之前规定生产日期后的两个月内要用掉，现在规定一个月内必须用掉。而且，这个预加工的西兰花品质很好，可以达到出口欧盟的国际标准。
5247764174997786,爱在雨中飞,Thu Dec 25 15:32:21 +0800 2025,西贝预制菜风波100天后贾国龙现状确实不是预制菜，但也不是中央厨房专供，你卖的是调理食品，从食品厂买了调理品，直接送到加盟店加入，你那个还不如预制菜，预制菜没有防腐剂，你那个有啥只看食品厂的良心以及工商食品监管的抽查力度和责任心，
5247764181027673,CHATATO_,Thu Dec 25 15:32:22 +0800 2025,贾国龙说如果能重来坚决不硬刚贾国龙在沉默100天后首次公开反思西贝预制菜风波，坦言“如果能重来坚决不硬刚”，并承认这场由硬刚罗永浩引发的公关灾难让他付出巨大代价。 承认的三个核心错误与反思 贾国龙明确列出错误根源：第一是选择起诉罗永浩并公开宣称“宁愿不做生意也要辨明是非”；第二是仓促开放厨房自证清白，反被曝光冷冻食材问题；第三是在微信群用“网络黑社会”描述批评者，激化矛盾。他总结所有错误源于冲动，并强调最大的失误是长期忽视顾客声音。 “不硬刚”的核心策略转变 面对“如果能重来”的提问，贾国龙表示会彻底避免对抗：耐心听取每位顾客意见，不再回应争议，因为“吵架需两人参与，不吵便无架可吵”。同时宣布退出个人IP打造，专注后端管理，回归“做好菜、服务顾客”的本职。
5247764234509457,敏感的桃子,Thu Dec 25 15:32:35 +0800 2025,西贝预制菜风波100天后贾国龙现状有知错的态度就好了，好好做食物吧，现在闭上嘴巴，不说话就好了！
5247764268325379,大好一棵树,Thu Dec 25 15:32:43 +0800 2025,西贝预制菜风波100天后贾国龙现状老贾这次是真被舆论敲醒了。连续40天靠安眠药睡觉，说明压力大到身体都扛不住了。 他承认根源是骄傲，这话说得实在，过去可能真觉得自己品牌硬、模式对，听不进不同声音，结果小事变大事。 降价、现场熬汤包饺子、加服务岗位，这些整改挺实在，至少钱和人力都真投进去了。 但消费者最在意的就两点：一是别贵得离谱，二是别拿预加工当新鲜菜忽悠人。 老贾现在说“不用行业定义杠公众”，这话说到点子上了，老百姓觉得是预制菜，你硬拗专业术语没用。 餐饮本质是信任生意。老贾能不能翻身，关键看他是不是真把骄傲放下了。要是边改边觉得自己委屈，那这波道歉也只是危机公关。 要是真愿意弯下腰，天天去店里听顾客吐槽，那西贝还有戏。
5247764459947945,厚恩投资张延昆,Thu Dec 25 15:33:29 +0800 2025,西贝预制菜风波100天后贾国龙现状 百日之前的预制菜风波，让西贝创始人贾国龙遭遇创业以来最严峻的舆论冲击。风波后他首次打破沉默，坦言连续40天依赖安眠药入睡，直面近40年创业生涯中最汹涌的舆情压力，还首次知晓“老登”这类恶意调侃用语。他将问题根源归结为“骄傲”，从过往5亿快餐投资未果到与罗永浩正面“硬刚”，三度向顾客、员工和自己道歉，直言若能重来会耐心倾听每一位顾客的意见。 为挽回信任，西贝推出一系列整改措施，客单价从95元降至75元，降幅达21%，并承诺已降价菜品不再涨价；人力成本占比提升至35%，每家门店新增月薪过万的“欢乐使者”强化服务；10余道菜品调整为门店现制，缩短预加工食材保质期，后厨加装透明玻璃接受监督。贾国龙坚称西贝无完全预制菜，仅做食材预加工，同时承认此前用行业标准对抗公众认知的错误，未来将明确区分“冷冻原料”与“冷冻菜”概念。 市场反馈呈现两极分化，部分消费者认可降价与现制举措，认为整改显露出诚意；但也有网友质疑“安眠药”说法是卖惨，且对整改数据真实性存疑，加之此前虚假温情营销的影响，信任重建仍任重道远。 这场风波也暴露了餐饮业与消费者对预制菜的认知鸿沟，正如公众所言，反感的从来不是预加工，而是被隐瞒，这也为整个餐饮行业敲响警钟，保障消费者知情权与选择权才是长久发展的关键。
5247765019362501,一三亦舍集,Thu Dec 25 15:35:42 +0800 2025,西贝预制菜风波100天后贾国龙现状 预制菜不仅是效率革命，更是生活方式的重构。它折射出工业社会对“新鲜”的重新定义，从时间维度转向安全与标准化维度。其争议核心并非技术本身，而是在效率与饮食文化、便捷与健康认知之间的深层博弈。当厨房时间被压缩，我们失去的可能是家庭记忆的载体，获得的则是跨越时空的味觉平权。这场变革最终考验的是：如何在工业化浪潮中守护人与食物的情感联结。
5247765330002607,橙子园的小虫女,Thu Dec 25 15:36:56 +0800 2025,贾国龙说如果能重来坚决不硬刚贾国龙首次回应西贝预制菜风波 沉默100天后，冬至那天面对《南方周刊》的镜头，贾国龙说自己连续40天靠安眠💊入睡，还第一次知道了“老登”是啥意思，这番话里满是狼狈。 如今再开口，贾国龙把姿态放得极低开始认错了归根结底，都是因为冲动。还有一个更大的错误，是我长期忽视了顾客的声音。 如果能重来，他表示坚决不硬刚，耐心听每一个顾客的意见。吵架得两个人吵，你不吵，也吵不起来。以后我也不再做个人IP，退回来认真干活。在管理企业方面，我还是有心得、有兴趣。好好把菜做好、服务好顾客，这才是我擅长的。还说人都是吃一堑长一智，未来不能再独断专行。 贾国龙已经做好了最坏打算，说假如西贝活不下来，我绝对不会再创业了，和夫人回草原养羊，日子还得过。但如果挺过这场危机，他还会继续给门店增加人力投入。西贝是有远大理想的企业。 从贾国龙的事上上咱们普通人也学到了点什么，商业和做人的道理其实相通——真诚永远是底线，谦卑才是长久之道。 微博热点优质创作计划微博智搜内容共创计划
5247765969896964,淋娱乐,Thu Dec 25 15:39:29 +0800 2025,西贝预制菜风波100天后贾国龙现状惹，本可人天天点西贝外卖这家不倒闭有本可一份功劳感觉比来路不明的国潮外卖店好一点……
5247766121152949,侯大王,Thu Dec 25 15:40:04 +0800 2025,还得是南周，能说服贾国龙接受采访，这就是巨大的本事，贾国龙总体上还是一个非常不错的企业家，我们从来不鼓励落井下石，也不鼓励赶尽杀绝，我们更鼓励浪子回头，更鼓励认识自己 贾国龙此前犯的错，就是因为对自己的认识出现了偏差，每天生活在各种吹捧当中丧失了自我认同，借此机会，在汹涌的舆论当中重新认识自己，找准自己的定位和坐标，这其实是一个很重要的修行 他能把所有的事情都归结在骄傲上，这是难能可贵的清醒，我还是希望他不要回内蒙古养羊，而是继续能把这个品牌给做好 反省，是一个人的修养中最重要的事情，无论对普通人，还是对知名人士，无论对个体还是对企业，同样如此，时时反省，认识自己，做一个清醒的现代人 西贝预制菜风波100天后贾国龙现状
5247766345547853,没事去潜水,Thu Dec 25 15:40:57 +0800 2025,西贝预制菜风波100天后贾国龙现状华与华的点子？
5247766458794101,连芳菲,Thu Dec 25 15:41:24 +0800 2025,西贝预制菜风波100天后贾国龙现状这位西贝创始人说，自己连续40天靠吃安眠药入睡，每天有“处理不完的事”，憋了一肚子的心里话。现在认错了，承认不应该硬刚。很多都是因为自己“骄傲”这是何必！！
5247766520405032,gnyzlv,Thu Dec 25 15:41:40 +0800 2025,西贝预制菜风波100天后贾国龙现状你最大的错误不该是诈欺消费者吗？
5247766605334634,关帅8048,Thu Dec 25 15:42:00 +0800 2025,西贝预制菜风波100天后贾国龙现状西贝死，不是因为他老板不会公关，而是因为西贝的品质只配死。老板们不要搞错了，这种急救式公关没啥用
5247766838118439,阿卡宇航,Thu Dec 25 15:42:56 +0800 2025,西贝预制菜风波100天后贾国龙现状 从“选择沉默”开始，后面的就都做对了。果然还是要公关部长强行没收老板的手机。
5247767173923865,不不不给力,Thu Dec 25 15:44:16 +0800 2025,外面平台上看见了今年很多大饭店都开始上外卖平台了，挺好，本牛马可以吃到更放心的饲料了西贝预制菜风波100天后贾国龙现状
5247767333307452,月之无花果_Zina,Thu Dec 25 15:44:54 +0800 2025,贾国龙说如果能重来坚决不硬刚 这么看来，西贝和老罗之间的纷争算是尘埃落定了么？ 对人不对事的说，年近六旬男性，在公开场合反省自己的错误，不管是何种目的，是为了企业生存也好，还是为了赚得利益也好，都算是态度端正，姿态放低。 对比咱身边同龄的男性，有几个会承认自己犯错了？更有几个会道歉？真是凤毛麟角。 不讨论其他，仅为这个知错能改的行为[good]
5247767397014427,土楼先生,Thu Dec 25 15:45:09 +0800 2025,西贝预制菜风波100天后贾国龙现状西贝创始人贾国龙认怂了？自己连续40天靠吃安眠药入睡，每天有“处理不完的事”，憋了一肚子的心里话。还承认了三个错误，正面硬刚，一定要起诉罗永浩；开放厨房；用了“网络黑社会”的说法。 再看看近期罗永浩骂项立刚，项立刚回怼，罗永浩前合伙人黄斌转发项的内容：“要是纯粹吹牛逼也就算了，比吹牛逼更可怕的是，他自己吹的那些牛逼很多他自己还真信，原因就在于他对做企业一无所知。快二十年了我都没吱声，为什么最近才开始骂他？因为他这么多年基本经历了三个阶段：对企业一无所知、对企业一无所知还自诩为企业家，对企业一无所知自诩为企业家还在互联网碰瓷去攻击别的真正的企业家。到这第三阶段，我实在是看不下去了。”
5247767611180791,河池融媒,Thu Dec 25 15:46:00 +0800 2025,2026年春节将放假九天【2026年春节放假九天并减少调休】12 月 22 日，国家发展和改革委员会主任郑栅洁在第十四届全国人民代表大会常务委员会第十九次会议上作报告时透露，为回应社会期待，2026 年春节将放假 9 天，同时减少调休安排，旨在增强人民群众的节日获得感与幸福感。​ 报告指出，国家发改委始终将办理代表建议作为凝聚多方合力、推进问题解决的重要契机，联合各相关部门及地方，积极回应政策、资金、项目等具体诉求，推动群众期盼落地见效。延长春节假期便是基于代表相关建议，经认真分析研判后推出的优化举措。大数据监测显示，该调整引发的正面及中性情绪占比达 92.9%。​ 此外，针对代表们反映突出的招投标领域围标串标等问题，国家发改委已联合相关方面曝光一批典型案例，正深入开展该领域问题的系统整治工作。（齐鲁晚报）2026年春节将放假九天夫妻俩虚假报名758次公务员考试获刑西贝预制菜风波100天后贾国龙现状李宏毅全炫茂承认患有勃起障碍限高
5247767700046609,杜利勇,Thu Dec 25 15:46:21 +0800 2025,西贝预制菜风波100天后贾国龙现状风波百日，尘埃未定，西贝创始人贾国龙的首次公开反思，成为这场预制菜争议最直接的注脚。他坦承最大的错误是与顾客“硬刚”，并长期忽视了顾客的声音。这场因定义之争引发的信任危机，让其日营业额一度损失超百万。 作为回应，西贝正试图扭转乾坤：一方面，对三十余道菜品进行永久降价，客单价下调近20%；另一方面，将更多中央厨房的预加工环节“回归”门店，以回应消费者对“锅气”的期待。这些调整，实则是从企业效率本位，向消费者体验视角的艰难转身。 这场风波早已超出单一企业的范畴，它尖锐地揭示了中国连锁餐饮的普遍困境：在工业化标准与消费者情感认知之间，存在一道巨大的鸿沟。贾国龙的进退与西贝的调改，不仅关乎一家企业的自救，更是在为整个行业探寻：在规模扩张之后，如何重新找回与消费者共情、互信的那把钥匙。（视频来源：老板联播）
5247767707391753,网络醉江南,Thu Dec 25 15:46:23 +0800 2025,西贝预制菜风波100天后贾国龙现状，吃一堑长一智！贾国龙能认错，说明还有救[握手]！ 西贝预制菜风波过了百天，贾国龙总算松口直面这事。 这仨月他熬得够呛，连着四十天靠安眠药入睡，从没受过这么大的舆论冲击。 犟脾气和骨子里的骄傲，让他当初硬刚罗永浩，一步步把局面闹僵。 如今他总算认了错，坦言自己的骄傲和冲动，捅出了天大的篓子。 从退学揣五千多创业到坐拥三百多家店，大风大浪走过来的老贾，这次也算栽了个实打实的跟头，终究还是败给了自己的执念。江南微评
5247767903469647,搜狐财经,Thu Dec 25 15:47:09 +0800 2025,"【娃哈哈旗下两家酒企被注销，宗馥莉为实际控制人】天眼查工商信息显示，近日，贵州省仁怀市茅台镇领酱国酒业销售有限公司、贵州省仁怀市茅台镇宏振酒业销售有限公司的登记状态均由存续变更为注销。两家公司的法定代表人都是祝丽丹，宗馥莉和严学峰均出任董事，注册资本都为500万人民币，都成立于2013年10月；前者由娃哈哈商业股份有限公司全资控股；后者由杭州娃哈哈宏振投资有限公司、杭州娃哈哈宏盛食品饮料营销有限公司共同持股，分别持股80%、20%。 天眼查APP显示，宗馥莉担任上述娃哈哈商业的董事长兼法定代表人，该公司注册资本17亿元，成立于2011年，工商年报显示其2024年、2023年的参保员工数都是1人。同时，宗馥莉还是娃哈哈宏振投资、娃哈哈宏盛食品的法定代表人兼执行董事，其中，娃哈哈宏振投资由其全资控股，该公司也是娃哈哈商业的最大股东，持股比例超过57%。 12月23日，界面新闻从香港特别行政区高等法院聆案官聆讯案件表查询获悉，当日香港高等法院审理涉“宗家三兄妹”和宗馥莉的一起案件。案件表披露，该案件属于杂项案件，诉讼各方分别为“宗家三兄妹”宗继昌、宗婕莉、宗继盛（Jacky, Jessie and Jerry Zong）以及宗馥莉和JIAN HAO VENTURES LIMITED（建浩创投有限公司），案件性质为排期评定讼费单申请。西贝预制菜风波100天后贾国龙现状"
5247767997841602,十-九-妹,Thu Dec 25 15:47:31 +0800 2025,西贝预制菜风波100天后贾国龙现状都100天了？感觉没多长时间啊？天啊，谁偷走了我的时间……
5247768037951106,我家猪猪也绝非善类,Thu Dec 25 15:47:42 +0800 2025,西贝预制菜风波100天后贾国龙现状他坦言连续40天靠安眠药入睡，认错忽视顾客声音、不该硬刚舆论。西贝通过降价20%、调整菜品现制、发放代金券止损，却仍面临门店关闭、营收承压。虽经八十余次监管检查无违规，但品牌信任裂痕难愈。如今他收缩扩张、聚焦服务，既流露“活不下来就回草原养羊”的无奈，也未弃出海野心，这场风波终成餐饮大佬的清醒课。
5247768055780960,孤影飞鹰123,Thu Dec 25 15:47:46 +0800 2025,西贝预制菜风波100天后贾国龙现状好心疼宝宝，为了让宝宝睡个好觉，我会劝身边人不去西贝吃饭，不打扰老板！
5247768100867354,娱乐小福星,Thu Dec 25 15:47:57 +0800 2025,贾国龙首次回应西贝预制菜风波 贾国龙时隔百日首次正面回应西贝预制菜风波，直面问题、深刻反思的态度实属难得，这场风波也给整个餐饮行业敲响了响亮警钟，餐饮经营从来都离不开透明与诚实的底色。 唯有坦诚面对消费者的诉求、如实公示产品信息、坚守诚信经营的本心，踏踏实实做好品质与服务，真正把消费者的知情权和信任放在首位，才能守住行业口碑，留住大众的心，让餐饮行业走得更稳更远。 的相关内容，来智搜看看。
5247768135469835,轻罗小扇,Thu Dec 25 15:48:05 +0800 2025,西贝预制菜风波100天后贾国龙现状还有一点，到这个位置是否还能听别人说话也很重要。当时不可能没人想劝或没人劝，为什么美泉成功才是根源。
5247768273622799,小池玉咂-,Thu Dec 25 15:48:38 +0800 2025,西贝预制菜风波100天后贾国龙现状的相关内容，来智搜看看。 西贝预制菜风波100天后贾国龙现状
5247768279123647,财生漠,Thu Dec 25 15:48:39 +0800 2025,西贝预制菜风波100天后贾国龙现状企业家的危机应对，往往决定了企业是“渡劫重生”还是“雪上加霜”。贾国龙复盘的三次关键失误，生动演绎了前者：从扬言起诉的强硬对抗，到仓促决策引发新问题，再到社群中的情绪化标签，每一步都让专业食安努力在舆论风暴中化为泡影。这警示我们，数字化时代，企业最大的危机可能并非产品本身，而是回应问题的姿态。 其症结在于，将消费者质疑与投诉，误读为需要“战胜”的敌对势力。当企业以“硬刚”姿态入场，便自动站到了沟通的对立面。即便手握“80余次检查零处罚”的数据，缺乏权威第三方佐证也难以取信于人，甚至引发“自我辩护”的观感。数据本身是盾牌，但挥舞盾牌的姿态若显傲慢，盾牌反而可能成为负累。 贾国龙“若能重来”的反思——“不争论、倾听每位顾客意见”，终于触及了核心：危机公关的本质是修复信任，而非赢得辩论。顾客的负面反馈，无论形式如何，都是优化运营的宝贵线索。企业家个人IP的光环，在危机时刻易将企业矛盾聚焦为个人对抗，放弃打造个人IP，实则是将企业安危与个人情绪进行风险隔离。 西贝的案例再次印证：企业的危机韧性，不仅建立在严格的生产标准之上，更植根于谦逊开放的组织文化之中。真正的食品安全“零处罚”，应同时包括监管与口碑两个维度。当企业学会将每一次质疑都视为倾听的契机，才能将危机真正转化为展现责任与透明的舞台。这堂代价不菲的课，值得所有企业深思。
5247768396302842,南宁融媒,Thu Dec 25 15:49:07 +0800 2025,2026年春节将放假九天当段子照进现实，女子发现父亲酒里泡了几十年的海马竟然是塑料的！（剪辑：陈钰榕）第一次吃生腌虾悄悄用热水烫熟了西贝预制菜风波100天后贾国龙现状 南宁融媒的微博视频
5247768613357425,止戈军是我,Thu Dec 25 15:49:59 +0800 2025,西贝预制菜风波100天后贾国龙现状西贝还在啊？我以为这个公司早崩盘了。说实话，全国的顾客不缺一家预制菜公司，缺的是真诚。
5247768676796546,多才多艺的阿星呀,Thu Dec 25 15:50:14 +0800 2025,西贝风波百日：贾国龙从“硬刚老罗”到“认错上菜”，活成餐饮界“改错标兵” 谁能想到，三个月前还放狠话要起诉罗永浩、骂网友“网络黑社会”的贾国龙，如今竟成了“顾客说啥都对”的乖老板？西贝预制菜风波过去100天，这位餐饮大佬的现状堪称大型“真香现场”，搞笑又透着实在的经营智慧。 风波最烈时，贾国龙硬刚得有多凶，后来认错就有多诚恳。当时他拿着“预制菜官方定义”当盾牌，结果被网友吐槽“厨房剪刀比菜刀多，厨师竟是微波炉总管”，连“1岁宝宝吃2岁西兰花”的梗都火遍全网。更惨的是，他连续40天靠安眠药入睡，日营业额暴跌超200万，估计夜里闭眼都是“预制菜”三个字在循环。 如今的贾国龙彻底换了画风：不仅三连认错“向顾客、员工、自己道歉”，还把嘴硬换成了实干。以前说“没有预制菜”，现在乖乖让鸡汤现熬、饺子现包，把中央厨房的活儿挪到门店，主打一个“看得见的烟火气”；网友嫌贵，他直接给40多道菜品降价20%，客单价从92元砍到75元，还拍胸脯保证“降价不反弹”。甚至给一线员工涨薪500元，生怕团队散了伙，这波操作活像犯了错赶紧给身边人递糖的“老小孩”。 最搞笑的是他的反思：直言当初开放厨房、硬刚罗永浩都是“冲动的惩罚”，现在终于明白“做饭的得围着吃饭的转”。以前想靠超级中央厨房搞规模化，现在坦言“扩张要放慢，先把300多家店稳住”，连“活不下来就回草原养羊”的退路都想好了。 如今西贝客流回升，也印证了“顾客虐我千百遍，我待顾客如初恋”才是餐饮圈的生存真理。 西贝预制菜风波100天后贾国龙现状
5247768893588068,肾肾先生SirKidney,Thu Dec 25 15:51:06 +0800 2025,西贝预制菜风波100天后贾国龙现状在这之前靠那些预制菜卖高价赚得盆满钵满时您睡得是不是特别好？
5247768907743711,小米加步枪biu-,Thu Dec 25 15:51:09 +0800 2025,西贝预制菜风波100天后贾国龙现状思维是固化的，再给你一次机会你也意识不到，也有可能你意识到了，但是没法改了
5247769028855312,人生在世及时学会享受当下,Thu Dec 25 15:51:38 +0800 2025,西贝预制菜风波100天后贾国龙现状有一说一。。我们这来福士生意还是很好的。。。
5247769071060739,艾因儿,Thu Dec 25 15:51:48 +0800 2025,西贝预制菜风波100天后贾国龙现状恢复人间烟火，是每一餐饮工作者的时代担当
5247769159663638,直到我变成你才解开那些谜题,Thu Dec 25 15:52:08 +0800 2025,西贝预制菜风波100天后贾国龙现状贾国龙称若西贝无法渡过危机将&quot;回草原养羊&quot;，若能存活则持续增加门店人力投入
5247769430199441,笨猪202102,Thu Dec 25 15:53:14 +0800 2025,西贝预制菜风波100天后贾国龙现状俺们就喜欢吃地沟油 咋滴 你不服网红面馆被立案调查多位明星曾打卡
5247769476335483,悍妇乐自由,Thu Dec 25 15:53:25 +0800 2025,贾国龙说如果能重来坚决不硬刚做生意嘛，和气生财。 老罗虽然专业碰瓷儿，但他不傻，从来都是动手前不理亏，动起手来绝不吃亏的人。 所以，被老罗这种人锤硬刚真不是啥明智之举。 贾国龙首次回应西贝预制菜风波吃一堑长一智吧。老一套的营销手段在今天已经已经完全脱离市场基础了。活到老学到老才是每个人的人生必修课。
5247769642010354,果魄川cn,Thu Dec 25 15:54:04 +0800 2025,西贝预制菜风波100天后贾国龙现状这个人大概不大明白骄傲的意思，他是有点飘了
5247769780423493,万喜不洗碗洗床单,Thu Dec 25 15:54:37 +0800 2025,西贝预制菜风波100天后贾国龙现状 1. 身心重压与公开认错 失眠与舆论冲击：贾国龙坦言风波后承受巨大心理压力，连续40天依赖安眠药入睡，首次知晓网络贬称&quot;老登&quot;的含义。 三方向致歉：他公开向顾客、员工及自己认错，承认&quot;骄傲&quot;导致决策误判，包括硬刚罗永浩、忽视顾客声音。 2. 反思三大关键错误 战略失误：后悔选择与罗永浩正面冲突甚至扬言起诉，开放厨房反而暴露&quot;冷冻西兰花&quot;等争议细节。 言论失控：在行业群使用&quot;网络黑社会&quot;形容质疑声，加剧舆论反噬。 认知偏差：承认用&quot;预制菜行业标准&quot;对抗公众认知是根本错误，强调未来将区分&quot;冷冻原料&quot;与&quot;冷冻菜&quot;概念。
5247769799557725,第101号玩家,Thu Dec 25 15:54:42 +0800 2025,西贝预制菜风波100天后贾国龙现状 西贝的预制菜事件到现在还在发酵啊😅。贾国龙的反应也足够真诚，不过这事儿也有露了食品行业的一些内幕。消費者要求的就是实在，别整这些花花肠子！
5247770086605456,祎份现炒茄子,Thu Dec 25 15:55:50 +0800 2025,西贝预制菜风波100天后贾国龙现状 西贝预制菜风波100天后贾国龙现状
5247770430804002,SeveN彭鑫V,Thu Dec 25 15:57:12 +0800 2025,西贝预制菜风波100天后贾国龙现状憋着一心里话，那就憋着吧，可千万别再说了，说了就直接倒闭了
5247770492404222,最开始的全新智力游戏,Thu Dec 25 15:57:26 +0800 2025,西贝预制菜风波100天后贾国龙现状两边都不站 我只知道罗永浩也不是好东西。把人家搞垮了 你能提供得了 人家那么多员工的就业问题吗。真真坏心眼
5247770564755667,受伤的喉咙,Thu Dec 25 15:57:43 +0800 2025,西贝预制菜风波100天后贾国龙现状 贾国龙：我认错！如果能重来，绝不硬刚。贾国龙坦言，连续40天靠吃安眠药入睡，每天有“处理不完的事”，憋了一肚子的心里话。交了昂贵的学费后，贾国龙终于学会了绕道走。
5247770644448726,山楂不渣M,Thu Dec 25 15:58:03 +0800 2025,西贝预制菜风波100天后贾国龙现状2025年12月21日，冬至，距离西贝卷入预制菜舆论风波刚好过去100天。在北京研发中心，西贝创始人贾国龙终于打破沉默，向外界袒露这段时间的挣扎与反思——他曾连续40天靠安眠药入睡，这场风波，是他近三十七年创业路上遭遇的最猛烈的一次冲击。 一切的起点，是9月10日罗永浩的一条微博。他吐槽西贝“几乎全是预制菜还卖得贵”，瞬间将这个连锁餐饮巨头推上热搜。次日，贾国龙强硬回应，一口咬定“西贝没有一道预制菜”，还放话要起诉对方，并宣布次日起全国门店后厨对外开放。可这份硬气没撑多久，9月12日他就承认，风波让西贝单日营收损失超百万元；紧接着“1岁宝宝2岁西兰花”的争议袭来，他选择了沉默。 9月15日，西贝的致歉信姗姗来迟，附带两条实打实的整改举措：把中央厨房的部分加工环节搬回门店现场，在保障安全的前提下尽量缩短产品保质期。这之后的100天，贾国龙没再公开发声，却带着西贝悄悄行动。 他在采访里把所有问题归结为“骄傲”两个字。这份骄傲，让他在快餐项目上死磕八年、砸了五个亿；也让他第一时间选择和质疑者“硬刚”，甚至想过起诉罗永浩，还曾用不当言论形容网络争议。他坦言，那段时间连自己的动作神态都怕被曲解，网络上的攻击言论也让他备受煎熬，但他认了：“向顾客认，向员工认，也向我自己认。” 百日之间，西贝的改变清晰可见。8道核心菜品完成现制调改，鸡汤现熬、饺子现包、羊肉串现穿，同时明确标注“中央厨房预制”与“门店现做”；30余道菜品降价近20%，客单价从92元降至75元，贾国龙承诺降价长期有效；全国门店落地“阳光厨房”，6个摄像头直播后厨，80余次政府检查零处罚，还推出“食安卫士计划”；给一线员工平均涨薪500元，甚至计划让渡70%股权分红权给员工，同时收缩快餐、零售板块，全力聚焦正餐业务。 这些动作背后，是消费逻辑的悄然转变。过去“后厨重地，闲人免进”的时代已经过去，消费者要的是透明与真实；舆论场里，真诚改进远比强硬辩驳更有力量；企业人设终究由顾客定义，骄傲可以是动力，也可能变成隔绝真实需求的墙；而认错从来不是终点，而是重建信任的起点。 如今的西贝，正在学着放下姿态，贴近顾客需求；贾国龙也在学着低头，接纳外界的声音。这场风波，不仅是一家企业的危机公关课，更是整个餐饮行业的一次提醒：在这个追求透明与真诚的时代，唯有尊重消费者的知情权，才能走得更稳、更远。秒懂热点就用智搜 烽火问鼎计划
5247770669877502,筱梦幻影,Thu Dec 25 15:58:09 +0800 2025,西贝预制菜风波100天后贾国龙现状所以呢，怎么现在一有问题就安眠药，或者是抑郁症，这是什么新型博同情的方法嘛
5247770875134366,凭卿足慰风尘,Thu Dec 25 15:58:58 +0800 2025,西贝预制菜风波100天后贾国龙现状我也失眠能不能让我上个热搜 西贝预制菜风波100天后贾国龙现状
5247770917078538,岁月的长处,Thu Dec 25 15:59:08 +0800 2025,西贝预制菜风波100天后贾国龙现状自己一上来就捅自己几刀
5247771134137441,新华网财经,Thu Dec 25 16:00:00 +0800 2025,贾国龙说不应该和顾客硬刚【“西贝风波”100天后贾国龙首次发声：靠吃安眠药入睡】西贝已降价的菜品不会再涨价 西贝风波已经过去100天。近日，西贝创始人贾国龙接受媒体采访。 据南方周末报道，贾国龙接受采访时表示，这次风波对西贝影响比以往所有的经营危机量级都要大。他表示自己连续40天靠吃安眠药入睡，每天有“处理不完的事”，憋了一肚子的心里话。 采访中，他表达对这次风波的深刻反思。贾国龙表示当时不应该选择硬刚，未来会耐心听每位顾客的意见。“我认错，向顾客认错，向员工认错，也向我自己认错”。贾国龙坦言，自己不应该和顾客硬刚，人都是吃一堑长一智，未来不能再独断专行，并表示自己“长期忽视了顾客的声音”“未来要耐心听每位顾客的意见”。 贾国龙称，风波开始至今，西贝全国门店接受了各级政府监管部门的八十多次检查，没有一起违法违规处罚。 回应之前称西贝没有全部预制的菜品，贾国龙表示，除了馒头等主食以外，西贝确实没有完全炒好的、煮熟的菜品直接送到门店，只是许多菜品需要清洗、切配等前期预加工，最后环节都是在门店完成。比如说馒头花卷这些在中央厨房是做熟了的，因为它必须经过长时间面团发酵，门店很难做统一的品控，出品会很不稳定，所以就只在门店做最后的加热。 他称，按国家之前公布的定义，中央厨房预加工食品、主食、原材料预加工都不算预制菜，那么西贝门店里的都不算预制菜，但是，我确实不该用这一定义去对抗公众认知。 针对降价举措，贾国龙明确已降价的菜品不会再涨价，是长期的。同时，未来也会提供更好的附加服务，比如积极研发新菜，打造欢乐温馨的就餐体验。（南方周末、济南时报）
5247771160347211,紫苏的森林,Thu Dec 25 16:00:06 +0800 2025,贾国龙说如果能重来坚决不硬刚贾国龙的反思，是品牌应对舆论的清醒课。西贝预制菜风波百日，他直言当初硬刚罗永浩、用“网络黑社会”等说法全是冲动，核心错是忽视顾客声音。如今西贝降价20%不涨价、优化现制流程、给员工涨薪，用实际行动补错。本质是：品牌别跟公众争定义，共情与实干，比硬刚更能赢回人心。
5247771275952910,一大活人,Thu Dec 25 16:00:34 +0800 2025,西贝预制菜风波100天后贾国龙现状神金 开始试探市场反应 0人在意这人什么现状
5247771336509769,江氏小盗龙,Thu Dec 25 16:00:48 +0800 2025,西贝预制菜风波100天后贾国龙现状 通过这次的风波，贾老板应该也学习到了处理舆情的方式方法了吧？ 最首要的是选个好的有经验的公关公司吧，以后再出现类似的问题，让公关公司处理，专业的人干专业的事儿。 而不是自己站到最前台，直接在整个舆论面前发声。 贾国龙说如果能重来坚决不硬刚
5247771361679790,Edna-晴,Thu Dec 25 16:00:54 +0800 2025,西贝预制菜风波100天后贾国龙现状咋又出来了？本来大伙都忘了，又唤起大伙记忆。
5247771374519276,想自律de小闻,Thu Dec 25 16:00:57 +0800 2025,贾国龙说如果能重来坚决不硬刚贾国龙“不硬刚”感言：成熟企业家的反思与商业智慧 贾国龙在西贝预制菜风波百日之后，坦言“如果能重来，坚决不硬刚”，这番表态既是个人反思的真诚流露，更是商业逻辑的理性回归，值得所有创业者和管理者深思。 从事件本质来看，这场风波的核心矛盾，是企业认知与公众感受的错位，而“硬刚”则让矛盾雪上加霜。贾国龙复盘的三大错误——正面硬刚要起诉罗永浩、开放厨房的应对失当、用“网络黑社会”表述激化情绪，归根结底都是冲动之下的对抗性选择，最终让企业陷入舆论漩涡，甚至让他本人连续40天依赖安眠药入睡，可见硬刚的代价之重 。这也印证了一个朴素的商业逻辑：企业的核心是用户，与用户“辨是非”远不如“听诉求”，用行业定义对抗公众感受，用强硬态度回应质疑，终究会偏离商业的本质。 贾国龙的反思，更彰显了成熟管理者的格局。承认自己“幼稚和无知”，向顾客、员工乃至自己认错，这种不耻于“举手投降”的态度，远比硬刚更有力量。他提出的“耐心听每一个顾客的意见”“退回来认真干活”，本质上是回归了餐饮行业的核心——做好菜、服好务。降价20%稳定客单价、调整产品实现门店现制、放慢扩张专注稳健经营，这些后续动作更让“不硬刚”的反思落地为实际行动，而非单纯的舆论公关。 值得一提的是，“不硬刚”并非妥协退让，而是一种更高阶的商业智慧。它不是放弃原则，而是拒绝冲动对抗；不是忽视问题，而是选择更理性的沟通与解决路径。对于企业而言，面对争议时，与其急于辩解“我没错”，不如先倾听“用户为什么不满”；与其执着于“辨明是非”，不如专注于“解决问题”。贾国龙的经历也提醒所有经营者：商业的长久发展，从来不是靠“赢了争论”，而是靠“赢得用户”。 这场风波与反思，对所有企业都是一次启示：在信息透明、舆论多元的当下，傲慢与独断专行终将付出代价，而谦卑、倾听与灵活调整，才是穿越危机的关键。贾国龙的“不硬刚”，既是对过往错误的修正，更是对商业本质的重新认知——唯有敬畏用户、理性应对，企业才能走得更稳、更远。
5247771430882192,嗦泥今天断气了吗,Thu Dec 25 16:01:11 +0800 2025,西贝预制菜风波100天后贾国龙现状 ……好不容易已经没什么人骂，现在又跳出来整活，看来是还没被骂够啊 广州
5247771443724759,莫染玄音,Thu Dec 25 16:01:13 +0800 2025,我实在想不通，西贝直播自己后厨这一招应该叫什么西贝预制菜风波100天后贾国龙现状 莫染玄音的微博视频
5247771649248378,若铃似风,Thu Dec 25 16:02:03 +0800 2025,西贝预制菜风波100天后贾国龙现状距离与罗永浩的预制菜论战已过去100天，沉默多时的西贝创始人贾国龙首次公开反思。他坦言自己连续40天靠药物入睡，并承认了“选择正面硬刚”等多重错误。这场风波对西贝冲击巨大，日营业额一度损失超百万。如今，贾国龙表示“坚决不硬刚”，并已将客单价下调约20%，且承诺不再涨价。对于未来，他做好了最坏打算：若西贝无法渡过危机，便“和夫人回草原养羊”。这位昔日强势的创始人，正经历一场深刻的转变。
5247771739427659,烟台频道,Thu Dec 25 16:02:24 +0800 2025,西贝预制菜风波100天后贾国龙现状 互联网是有记忆的，其实本质上争论不是贾国龙与罗永浩，而是消费者对于预制菜的知情权，预制菜的定价等一系列问题。就好像曝光出来的问题一样，你可以是预制菜，消费者也可以接受，但是你不能瞒着。烟台频道烟台·烟台渔人码头
5247771879933484,金华小陈说事,Thu Dec 25 16:02:58 +0800 2025,西贝预制菜风波100天后贾国龙现状贾国龙首次回应西贝预制菜风波：如果能重来，坚决不硬刚 。热门视频 金华小陈说事的微博视频
5247772139983058,用户7875566072,Thu Dec 25 16:04:00 +0800 2025,西贝预制菜风波100天后贾国龙现状 上周去了一次，家附近的西贝生意已经恢复了～ 之前搞了个什么100反100，后来100反50的券也都停了。 这个老板之前表现得还是挺有脑子的，很早以前在北京的餐厅都开得很成功，有的餐厅规模很大，生意也一直很好，应该是日进斗金了。 gk吃喝被禁了之后，我们常去吃的有一整条街的餐厅基本都歇菜了，只有西贝活下来了，因为它迅速的转型了，关了大店开小店，开进商场，桌子变小了，菜品种类变少了，预制越来越多，氛围慢慢倾向家庭友好。 后来深入开发了儿童套餐，一大拨有小孩子的家庭成了固定消费群，因为商场是孩子吃喝玩乐加上课的必不可少的场所，所以但凡孩子多的商场里的西贝生意都不错。 直至现在，餐厅里还是带孩子去吃的占多数。这就是多年的积累。 也正因为之前决策比较成功，老板可能认为自己特别了解餐饮业，永远不会犯错，但是错就错在太不了解现在的网络世界，网感不好就应该闭麦，说多错多，却偏偏又管不住嘴，公关工作也是非常业余。 承认自己预制就行了，预制也不丢人，只需证明你的预制食品安全和卫生都能保证，不在意预制的人自然无所谓。 偏偏搞了一大堆令人无语的操作，不解决客人的实际关切，不知道对危机公关这一块平时是怎么操作的。 这次受到重创了，赶紧找个好点的公关公司吧，好歹不要反向操作～ 至于2岁西兰花之类的东西，我个人觉得客人是吃不到这么大岁数的西兰花的，之前学过好久的烘焙，老师都是各国常年开店的，他们对成本算得很细的，老师们都有一个共识：“冰箱这种东西是用来中转的，不是用来储存的，不然你有多少冰箱也是不够的，电钱也是很贵的”。 开小店的都有这个常识，大的连锁更要核算成本的，冷冻设备不要钱？电不要钱？一箱西兰花储存两年的电钱能买多少箱西兰花？ 所以我认为西贝的西兰花应该不会比很多连锁快餐厅的西兰花岁数大多少～ 老板们要与时俱进多了解社会啊…
5247772345238343,张子钿,Thu Dec 25 16:04:49 +0800 2025,西贝预制菜风波100天后贾国龙现状上海有娃家庭西贝消费实录：骂战之后，餐饮帝国选择“跪”了下来。 张子钿的微博视频
5247772790103021,苏州大杨梅,Thu Dec 25 16:06:35 +0800 2025,西贝预制菜风波100天后，贾国龙彻底没了之前的硬气，反倒多了份清醒的狼狈。 连续40天靠安眠药入睡，坦言这次危机比以往任何经营难题都致命，核心错在和消费者硬刚——非要拿行业标准反驳大家对“现制”的期待，完全忽视了顾客的真实感受。 现在他忙着“认错自救”：让鸡汤、羊肉串等10多道菜回归门店现做，客单价降20%且不反弹，还搞阳光厨房、给员工涨薪。但他没硬扛“全现制”，承认连锁餐饮离不开中央厨房，食安是底线，本质是在平衡效率和烟火气。 说到底，这不是预制菜的锅，是品牌和消费者的认知错位。贾国龙收缩扩张欲望、深耕现有门店，其实是连锁餐饮的必经一课：再大的品牌，也得围着顾客的感受转，透明和尊重才是留客的关键。 西贝预制菜风波100天后贾国龙现状
5247773483996087,绪德看世界,Thu Dec 25 16:09:20 +0800 2025,西贝预制菜风波100天后贾国龙现状预制菜风波后贾国龙靠吃安眠药入睡贾国龙称骄傲让他对很多事产生误判贾国龙说如果重来坚决不硬刚沉默100天后，贾国龙首次回应西贝预制菜风波58岁贾国龙第一次知道什么叫老登 对付老罗的唯一策略就是不要搭理他！！ 绪德看世界的微博视频
5247774057828236,久久妈妈爱久久a,Thu Dec 25 16:11:37 +0800 2025,西贝预制菜风波100天后贾国龙现状 100天沉默沉淀，贾国龙的现状是从“硬刚”到“认错”的彻底转向。 他直言连续40天靠安眠药入睡，复盘“正面硬刚罗永浩”“用定义对抗公众认知”等三大错误，更坦承长期忽视顾客声音的核心问题， 这份卸下企业家光环的坦诚，比任何公关话术都更显危机后的清醒。 从清空社交账号到承诺“退隐个人IP、专心做好菜”，他用姿态的柔软，为西贝的品牌修复按下了重启键。 贾国龙的现状，是企业家在舆论风暴后的成长与取舍。 这场风波让他明白，餐饮行业的根基从不是辩论的输赢，而是顾客的信任与认可。
5247774209868404,老王头的小破站,Thu Dec 25 16:12:13 +0800 2025,西贝预制菜风波100天后贾国龙现状不是知道错了，是赚的钱少了一大半
5247774465459713,戴欣还挺喜欢车,Thu Dec 25 16:13:14 +0800 2025,贾国龙说如果能重来坚决不硬刚贾国龙首次回应西贝预制菜风波 美食 就这态度还是没有意识到问题的关键啊。。。你硬刚是关键吗？要不是太不划算，我都得给你点评点评去？
5247774488532964,吊牌哥姜泽,Thu Dec 25 16:13:20 +0800 2025,西贝预制菜风波100天后贾国龙现状一下子玩大了
5247774566386727,吊牌哥姜泽,Thu Dec 25 16:13:38 +0800 2025,西贝预制菜风波100天后贾国龙现状时代变了，处处谨慎啊
5247774624842178,吊牌哥姜泽,Thu Dec 25 16:13:51 +0800 2025,西贝预制菜风波100天后贾国龙现状淡定看待就好
5247774740455717,龙哥走读岭南,Thu Dec 25 16:14:20 +0800 2025,西贝预制菜风波100天后贾国龙现状坚决不硬刚，耐心听每一个顾客的意见。吵架得两个人吵，你不吵，也吵不起来。以后我也不再做个人IP，退回来认真干活。在管理企业方面，我还是有心得、有兴趣。好好把菜做好、服务好顾客，这才是我擅长的。 不得不，给贾总点赞。虽然以前没吃过，打算以后可以去消费。
5247774780035059,袁国庆,Thu Dec 25 16:14:29 +0800 2025,预制菜风波后贾国龙靠吃安眠药入睡 这次事件对贾总影响太大了，连续40天靠吃安眠药入睡。从这次回应来看，贾国龙算是走出来了，西贝一连串的动作，也在重新获得消费者青睐。期待越来越好！[赞]
5247775182685901,叶建勛,Thu Dec 25 16:16:05 +0800 2025,西贝预制菜风波100天后贾国龙现状😮 西贝预制菜风波过去百天，曾放言“宁愿不做生意也要起诉罗永浩”的贾国龙，如今早已没了当初硬刚的底气。他坦言连续四十天靠安眠药入睡，直面这场成立以来最大危机，承认当初硬刚是冲动犯错，本质是长期忽视顾客声音。 🤔 当初用六部门定义辩解“西贝无预制菜”，如今贾国龙终于松口，坦言不该用行业标准对抗公众认知。西贝客单价降了两成，全国门店加装后厨直播摄像头，取消上菜沙漏，把多款菜品的预制环节移到门店现做，用实际行动弥补信任裂痕。 😲 抖音上曾力挺西贝的“小天才”，后续却吐槽北京多家门店问题不少，直言“真心有待加强”。而更具戏剧性的是，有消息称这位敢说真话的博主已入职西贝，从消费者变身内部人，其后续发声更受关注。 🤷 从“死鸭子嘴硬”式硬刚，到认错整改、降价透明化，贾国龙的转变背后是日营业额蒸发百万的代价。如今西贝靠代金券和食安升级拉动客流回升，但这场风波留下的信任创伤，还需更长时间用真诚修复。中国[超话]十分钟视频助燃计划十分钟专业分享
5247775199728461,吃瓜不可错过,Thu Dec 25 16:16:09 +0800 2025,西贝预制菜风波100天后贾国龙现状 啧！这是要走“示弱”路线？不过看评论没多少人买账呢～
5247775333684769,营养师顾中一,Thu Dec 25 16:16:41 +0800 2025,西贝预制菜风波100天后贾国龙现状 看了一下南方周末的采访内容
5247775719031357,志斌叔叔,Thu Dec 25 16:18:13 +0800 2025,贾国龙说如果能重来坚决不硬刚这次西贝事件，贾国龙的确不该硬刚罗永浩。而且大家质疑的点一直都是，半成品和预制菜不该以这么高的价格来卖，然后还坚持说自己不是预制的。这次对西贝来说，最大的影响就是老板IP坚定的站在了消费者的对立面。 呼伦贝尔
5247775847486708,科技俊,Thu Dec 25 16:18:44 +0800 2025,贾国龙说如果能重来坚决不硬刚这是知道和罗永浩硬刚错了[允悲]，要是之前服个软也不至于沦落到现在这样，西贝贾国龙这番复盘挺真实的，多少创业者都是交了昂贵的学费才懂这个道理。不管是餐饮还是咱们科技行业，遇到不可抗力的时候，头铁硬撑往往是最危险的。有时候懂得示弱、保留现金流活下去，比什么豪言壮语都管用。这年头生存才是第一生产力，道个歉不丢人。
5247775948408371,南方周末,Thu Dec 25 16:19:08 +0800 2025,58岁贾国龙第一次知道什么叫老登 【沉默100天后，贾国龙首次回应西贝预制菜风波】贾国龙说以后不再做个人IP 近四十年的创业过程里，西贝创始人贾国龙从未遇上如此汹涌的舆情。采访过程中，他很在意自己的动作和神态会不会被恶意模仿，更在意网络人身攻击。过去三个月，58岁的贾国龙第一次知道了什么叫“老登”。 南方周末：如果能重来，你会怎么做？ 贾国龙：坚决不硬刚，耐心听每一个顾客的意见。吵架得两个人吵，你不吵，也吵不起来。以后我也不再做个人IP，退回来认真干活。在管理企业方面，我还是有心得、有兴趣。好好把菜做好、服务好顾客，这才是我擅长的。贾国龙说如果能重来坚决不硬刚
5247776116185673,科技醒醒,Thu Dec 25 16:19:48 +0800 2025,翻译一下：我输了，后悔了，但是我并不觉得我做错了西贝预制菜风波100天后贾国龙现状 科技醒醒的微博视频
5247776543998946,趣闻趣事拖拉机,Thu Dec 25 16:21:30 +0800 2025,【西贝预制菜风波100天后贾国龙现状】预制菜风波后贾国龙靠吃安眠药入睡风波100天后，贾国龙在12月21日接受《南方周末》采访，首次公开认错、深度反思，坦言曾连续40天靠吃安眠药入睡，风波对西贝冲击远超以往经营危机。 连续40天吃安眠药入睡，被舆论与事务缠身，自称“骄傲误判”，向顾客、员工与自己致歉。 ​ 承认四错——正面硬刚罗永浩、开放厨房、群聊用“网络黑社会”措辞、长期忽视顾客声音；强调不该用行业定义对抗公众认知 。 ​ 9-10月调改10余道产品回归现制（鸡汤现熬、饺子现包等），已降价菜品承诺不涨价；放缓扩张，聚焦300多家门店稳健经营 。 ​ 明确无法完全脱离中央厨房，因涉及食品安全与管理效率，食品安全是底线 。 ​ 直言若重来绝不硬刚，会耐心倾听顾客意见，称此次是“吃一堑长一智”。烽火问鼎计划
5247776732484092,科罗廖夫,Thu Dec 25 16:22:15 +0800 2025,贾国龙说如果能重来坚决不硬刚 贾国龙回应西贝风波 感觉挺诚恳的， 第一个错误是选择正面硬刚，说我宁愿不做生意，也要辨明是非，一定要起诉罗永浩；第二个错误是开放厨房；第三个错误是我在一个微信群聊里发言，回应同行关心，用了“网络黑社会”的说法。归根结底，都是因为冲动。还有一个更大的错误，是我长期忽视了顾客的声音。 为挽回信任，西贝推出一系列整改措施，客单价从95元降至75元，降幅达21%，并承诺已降价菜品不再涨价；人力成本占比提升至35%，每家门店新增月薪过万的“欢乐使者”强化服务；10余道菜品调整为门店现制，缩短预加工食材保质期，后厨加装透明玻璃接受监督。贾国龙坚称西贝无完全预制菜，仅做食材预加工，同时承认此前用行业标准对抗公众认知的错误，未来将明确区分“冷冻原料”与“冷冻菜”概念。
5247777174981434,偷养乐多的小老鼠,Thu Dec 25 16:24:00 +0800 2025,西贝预制菜风波100天后贾国龙现状我还是喜欢你当初桀骜不驯的样子
5247777312868797,Bella种草酱,Thu Dec 25 16:24:33 +0800 2025,西贝预制菜风波100天后贾国龙现状 太心疼了，为了让他睡个好觉，以后都不吃西贝了
5247777548275988,广播,Thu Dec 25 16:25:29 +0800 2025,预制菜[超话]热点解读透明时代消费者投诉 很多人骂西贝，其实不是因为“预制菜”。 而是因为：你以为在为“现炒锅气”买单，却在不知情的情况下吃了工业复热。 这是一次对消费者知情权与选择权的双重剥夺。 问题不是“用不用预制菜”，而是——你有没有告诉我。 调查显示：78.1% 的消费者称餐厅未提前告知使用预制菜，65.6%明确要求“必须明示”。但现实是：你跑10多家餐厅，只有1家标注。 但是，预制菜本身早就是行业常态：你看真功夫、吉野家使用率 100%，西贝、小南国超 85%。 所以说工业化、标准化不是原罪，信息黑箱才是。 真正引爆情绪的，是价值错配： 你花的是“匠心现炒”的钱， 得到的是“中央厨房+门店加热”的流程。 这不是便不便宜的问题，是有没有被尊重的问题。 对于西贝们来说，更糟的是危机处理。 起诉、晒账单、对抗舆论、贴标签…… 这不是沟通，是防御。 数据很诚实：起诉声明当天，品牌好感度 -28%。 当有人选择把流程摊在阳光下。 ✔ 明示“中央厨房预制，门店加热15分钟” ✔ 扫码可溯源 结果：客流 +15%，投诉 -62%。 透明，本身就是产品。 所以真正可行的出路，不在于老板做不做网红，路径其实不复杂： • 菜单分级标注（现炒 / 半成品 / 全预制） • 价格差异化（现制可贵，预制要值） • 供应链可视化 • 话术从“我们合规”→“我们理解你的期待” 一句话总结： 预制菜不是原罪，隐瞒才是。 在 AI + 社交媒体时代， 任何信息黑箱，都会被放大、拆解、审判。 你藏不住的，只会更贵。
5247777585500107,陈小兜律师,Thu Dec 25 16:25:38 +0800 2025,贾国龙首次回应西贝预制菜风波 为什么叫“首次”呢？之前晒罗永浩等人用餐菜单、强调不是预制菜、宣布准备起诉罗永浩，这都不算回应？——不过，现在以“贾国龙回应”为关键字进行检索，搜到的都是这一次冲上热搜的“首次回应”，都是贾国龙面表示“坚决不硬刚，耐心听每一个顾客的意见。”——全网这么整齐划一，很难不去深度联想。 西贝是不是预制菜，没那么重要，我相信很多人早就不去纠结了，因为很多人对预制菜并不反感，反感的是明明是预制菜却硬说是新鲜现炒并按新鲜现炒收费的行为——我说得是一种现象，所有有这种表征的餐饮企业、商家都算，并不特指某个品牌或商家。 贾国龙硬刚罗永浩也没问题，当时那个场景，换其他掌舵人甚至换普通人也会硬刚，没有道理别人指名道姓说“太恶心”的时候，还要保持沉默克制，问题是：我们要怎么回应、我们对自己了解多少、我们对自己的用户期许又了解多少。 如果我们又便宜又好吃又坦诚，随便一个用户都是铁杆粉丝，不用等贾国龙下场回应，用户一人一句话都能喷得罗永浩无地自容。 虽然贾国龙将罗永浩消费者和网络人士的身份进行了切割，但是，这是一方的自行切割，消费者怎么想？谁也不希望自己吃饭的订单还被翻出来并广泛传播给公众？是不是存在用户隐私问题？ 所以，该沉默就沉默，该促销就促销，稳住铁粉用户，攻克摇摆用户，这才是企业家该做的策略，现在的网友真的不是当年的网友了，相当厉害，也不是一篇推文、报道就能解决网友的认知问题。 小兜法眼看世界
5247777615382722,马妍,Thu Dec 25 16:25:45 +0800 2025,贾国龙回应西贝风波 贾国龙这次100天后的回应，可以说是&quot;亡羊补牢，为时未晚&quot;。他承认自己犯了三个错误：不该硬刚罗永浩、不该开放厨房、不该用&quot;网络黑社会&quot;的说法，还认识到最大的错误是长期忽视顾客声音。这种认错态度值得肯定，毕竟一个58岁的企业创始人能说出&quot;我认错，我向顾客认错，我向员工认错，也向我自己认错&quot;这样的话，需要很大的勇气。 是什么让他做到了反思？说白了就是&quot;疼了才知道改&quot;。西贝这次风波导致日营业额损失超百万元，全国门店接受了八十多次检查，贾国龙自己连续40天靠吃安眠药入睡。这种切肤之痛让他意识到，企业再大也扛不住消费者的集体抵制。他坦言这次风波对西贝的影响比以往任何经营危机量级都要大，甚至说&quot;假如西贝活不下来，绝对不会再创业了，和夫人回草原养羊&quot;。这种危机感逼着他不得不反思。 回顾西贝事件，真正引起大众怒火的不是预制菜本身，而是&quot;被欺骗感&quot;。消费者去西贝吃饭，付的是现做菜的价格，结果发现很多菜品都是中央厨房预加工的半成品，甚至还有保质期两年的冷冻西兰花。这种预期和现实的巨大落差，让消费者觉得被忽悠了。再加上贾国龙一开始强硬回应&quot;西贝没有一道预制菜&quot;，还说要起诉罗永浩，这种傲慢态度彻底激怒了消费者。大家不是不接受预制菜，而是不接受被隐瞒、被欺骗。 贾国龙的反省，折射出一个很朴素的生意经：顾客是上帝，这句话不是口号。他认识到&quot;长期忽视了顾客的声音&quot;是最大的错误，这说明企业再大也不能脱离消费者。西贝之前可能觉得自己是&quot;餐饮界的天花板&quot;，有370多家直营门店，2023年营收62亿元，就可以不听顾客的声音了。但事实证明，消费者用脚投票的力量是巨大的。贾国龙现在说&quot;如果能重来，坚决不硬刚，耐心听每一个顾客的意见&quot;，这就是吃一堑长一智。 这次回应能挽回西贝一定的口碑吗？从老百姓愿意给人机会的角度看，是有可能的。中国人讲究&quot;知错能改，善莫大焉&quot;，只要企业真心认错、真正整改，消费者还是愿意给机会的。西贝已经采取了一些措施：全国门店菜品降价20%，客单价从90多元降到75元左右；对10余道产品进行现制调改，比如鸡汤门店现熬、饺子门店现包；还承诺已降价菜品不会再涨价。这些实际行动比空口道歉更有说服力。不过，信任的重建需要时间，西贝要想真正挽回口碑，还需要持续努力，不能只是嘴上说说。 这件事给所有生意人的经验教训很深刻：第一，不要和消费者对抗，消费者永远是对的；第二，诚信是企业的生命线，不能欺骗消费者；第三，要重视顾客的声音，及时回应消费者的关切；第四，危机公关要快、要真诚，不能拖延和推诿；第五，价格要合理，不能打着&quot;高端&quot;的旗号卖高价。消费者开心了，自然生意就来了。贾国龙首次回应西贝风波 贾国龙说如果能重来坚决不硬刚
5247777668862044,TOBEAJERKONE,Thu Dec 25 16:25:58 +0800 2025,西贝预制菜风波100天后贾国龙现状 贾国龙到现在都没有意识到西贝这次闹成这样其实和罗永浩本人关系都不大了，西贝这件事闹得这么难看无外乎几点： 一是公众对预制菜积压已久的不满情绪。打工人苦预制菜久矣，上了一天预制班就想吃口热乎菜，你可以用预制菜，你老老实实标清楚写明白没人会在意，可你偏要拿预制的当现炒的，并且还说提出质疑的人有坏心眼，搁谁谁不生气？ 二是西贝烂到根里的公关。我从没见过如此差劲的公关，从未！这事一开始罗永浩发了条吐槽微博，餐饮行业面对顾客质疑是再正常不过的事情，摆在西贝面前的路其实有很多：a.官方发博：“感谢罗老师体验，这次不满是我们服务不好，我们会针对您提出的问题改进”。b.贾国龙自己发微博：“对不住老罗了，等你下次来我亲手炒几个招待你赔罪”。 但西贝偏偏选了w，痛斥罗永浩居心不良。人家吃顿饭吐个槽被你上纲上线一搞，谁能忍住不继续发声？ 出现舆情，不解决问题，反而不断扩大影响，后续操作更是让人惊喜连连：2岁的毛毛哭着闹着要吃西贝，即使家里用玩具诱惑，也无法更改他与西贝的“约定”；两个陌生的小伙子知道西贝有难，不由分说点了 600 块钱的菜，要与西贝心连心渡过难关；西贝服务员给大爷端来一碗好喝的汤，大爷非常感动，给了服务员一套房。 80年代的手段用来公2025的关，自然关关难过。而到了这步，贾国强和西贝的公关团队依旧没意识到自己的错误，反而继续火上浇油，这事自然烧的消费者一边倒。 就拿今天这个采访来说，依旧是稀烂一坨。面对可能口碑翻盘的采访，你不谈自己的问题，不谈公关团队的无能，不谈对公众的抱歉，大谈特谈自己睡不着觉要吃安眠药，我的天贾老板这又是谁给你出的主意...... 只能说在行业内卷到上天的2025，国内的公关事业依旧有着堪称蓝海的可开拓空间。 贾国龙回应西贝风波
5247777764278302,一寸素衣,Thu Dec 25 16:26:20 +0800 2025,贾国龙回应西贝冷冻西兰花争议2025年12月25日，西贝创始人贾国龙首次回应了此前的预制菜风波 。他对这次风波进行了深刻反思，承认自己存在诸多错误，同时介绍了西贝后续的调整措施 。 贾国龙表示自己犯了多个严重错误，包括选择正面硬刚，称宁愿不做生意也要辨明是非并起诉罗永浩；开放厨房；在微信群聊里用“网络黑社会”形容同行关心。他认为这些错误源于冲动，更重要的是自己长期忽视了顾客的声音。他还称认错，向顾客、员工和自己认错，强调未来不能再独断专行，会耐心听每位顾客的意见。 贾国龙称按国家之前公布的定义，中央厨房预加工食品等不算预制菜，西贝门店里的大多菜品不算预制菜，但不该用这一定义去对抗公众认知。他提到除馒头等主食外，西贝确实没有完全炒好、煮熟的菜品直接送门店，许多菜品只是前期预加工，最后环节在门店完成。 为响应顾客对现制的要求，西贝在9月、10月先后对10余道产品进行现制调改，如鸡汤门店现熬等。针对网友吐槽价格贵，西贝10月起对全国30余道产品降价近20%，客单价从92元下调至75元，贾国龙明确已降价菜品不会再涨价。同时，未来会提供更好的附加服务，如研发新菜，打造欢乐温馨就餐体验。此外，西贝还响应食安新规，全国落实“阳光厨房”，持续升级食安标准。 贾国龙表示西贝未来要打造“家庭欢乐餐厅”，继续深耕儿童餐，尝试新商业模式。关于扩张，会放慢速度，把300多家店稳健经营好。若挺过危机，会继续给门店增加人力投入，努力成为有国际影响力的中餐品牌。他还称以后不再做个人IP，会退回来认真干活，专注于把菜做好、服务好顾客。贾国龙认错贾国龙回应1.8万人作战大会
5247778067842519,中国慈善家杂志,Thu Dec 25 16:27:33 +0800 2025,【贾国龙回应西贝预制菜风波：曾连续40天靠吃安眠药入睡】西贝预制菜风波100天后贾国龙现状 近日，贾国龙首次回应西贝预制菜风波。这位西贝创始人说，自己连续40天靠吃安眠药入睡，每天有“处理不完的事”，憋了一肚子的心里话。 他说自己犯下了一些错误，“第一个错误是选择正面硬刚，说我宁愿不做生意，也要辨明是非，一定要起诉罗永浩；第二个错误是开放厨房；第三个错误是我在一个微信群聊里发言，回应同行关心，用了“网络黑社会”的说法。归根结底，都是因为冲动。还有一个更大的错误，是我长期忽视了顾客的声音。” 谈到西贝的现状，贾国龙说，“我还在积极寻求支援。西贝从内蒙古临河一个小县城发展起来，走向全国，成为中式正餐的头部连锁企业，靠的不只是运气。” “假如西贝活不下来，我绝对不会再创业了，和夫人回草原养羊，日子还得过。但如果挺过这场危机，我还会继续给门店增加人力投入。西贝是有远大理想的企业，我们要加快出海，努力成为有国际影响力的中餐品牌。”（来源：南方周末）
5247778273628351,一寸素衣,Thu Dec 25 16:28:22 +0800 2025,贾国龙回应1.8万人作战大会2025年9月，西贝创始人贾国龙针对“1.8万人作战大会”相关问题作出了回应。 9月12日晚，西贝召开“1.8万名伙伴跟罗永浩之战”全员大会，贾国龙亲自出席 。后来有照片流出，引发了关于西贝内部管理混乱的质疑。对此，贾国龙表示照片是顾客拍的，并非内部流出。他还称西贝从一年前开始，每天晚上都会开经营复盘会并进行全国门店直播，只是当天会议开得早了，当时还有顾客未离店，这反映出自己应对此事时的幼稚与匆忙。 此外，贾国龙提到此次大会目标主要是鼓舞员工，强调“不准减排班，不准裁人”。会上还宣布向一线员工发放500元补贴，后续西贝还增设多项津贴，设立“赛场奖金池”“委屈奖”等，以此提升员工收入，稳定内部军心 。贾国龙回应西贝预制菜风波贾国龙首次回应西贝预制菜风波
5247778588723127,Alex星辰大海,Thu Dec 25 16:29:37 +0800 2025,西贝预制菜风波100天后贾国龙现状在我看来，他是应得的。没有可怜的余地，太冲动了，得砸他手里。
5247778752037607,新行情,Thu Dec 25 16:30:16 +0800 2025,贾国龙说如果能重来坚决不硬刚 贾国龙被冤枉惨了，保质24个月的西兰花8块1斤，不是放两年再用，1个月就必须用完，西贝活不下来就回草原养羊。
5247779009995067,此去经年宁可等待,Thu Dec 25 16:31:18 +0800 2025,西贝预制菜风波100天后贾国龙现状虽然我不吃安眠药，但特么你吃就吃了，关别人吊事？还这样卖惨？预制菜当现炒，你做这种事不就应该多吃点吗？
5247779061892983,用户7915567560,Thu Dec 25 16:31:30 +0800 2025,西贝预制菜风波100天后贾国龙现状这100天没去这餐厅过，后续也不会去了，拿顾客当傻子，我还是避雷下
5247779321939932,应旺,Thu Dec 25 16:32:32 +0800 2025,西贝预制菜风波100天后贾国龙现状西贝预制菜风波百日之际，贾国龙首度发声致歉，坦言因这场危机连续40天靠安眠药入睡，直面职业生涯中最猛烈的网络暴力，更是首度知晓“老登”等网络贬称。他将风波根源归为自身“骄傲”，公开认错三大失误：与罗永浩强硬对峙扬言起诉、仓促开放后厨暴露食材问题、不当称网友为“网络黑社会”。 贾国龙直言若重来绝不硬刚，决意放弃个人IP，回归产品与服务本质。西贝同步落地系列整改：客单价从95元降至75元，降幅超2成且承诺不回调；10余道菜品改回门店现制，后厨加装透明玻璃接受监督，压缩冷冻食材周转周期；人力成本占比提升，增设高薪服务岗，暂停扩张深耕现有门店。 此次风波致西贝单日营业额最高损超300万，部分门店客流腰斩。贾国龙承诺不裁员、发专项奖金，还坦言若企业难以为继，便与夫人回草原养羊，渡过危机则推进出海计划，而其整改诚意与数据真实性，仍待市场与消费者检验。微评时论贾国龙说向顾客和员工认错
5247779330853981,云下之臣,Thu Dec 25 16:32:34 +0800 2025,预制菜不是原罪，隐瞒才是。在数字时代，真诚比辩解更有力量。西贝预制菜风波100天后贾国龙现状 扬中·中影新天地国际影城(江州西路店)
5247779573863430,简单快乐的生活噜噜噜,Thu Dec 25 16:33:32 +0800 2025,西贝预制菜风波100天后贾国龙现状 听说西贝是又降价又整改又发优惠劵的，上周和姐妹吃了一顿，就用完券……性价比还是不行，贵，下次不太想再去了
5247779970484061,第十层追鑫饭,Thu Dec 25 16:35:07 +0800 2025,西贝预制菜风波100天后贾国龙现状不好好做饭，把东西都装起来冷冻起来，节约成本，本来就是不对的，但凡好好做生意，你还能睡不着觉？搞笑
5247780323067484,凤凰卫视,Thu Dec 25 16:36:31 +0800 2025,【贾国龙称若西贝倒了自己不会再创业 已经意识到自己的幼稚和无知】近日，贾国龙接受了媒体专访。距离他上一次公开发声，已过去了100多天。他将自己的问题归结于“骄傲”，称未来不能再独断专行。目前已放慢企业的扩张脚步，“假如西贝活不下来，我绝对不会再创业了”。西贝预制菜风波100天后贾国龙现状 “西贝没有全部预制的菜品”，贾国龙在这次采访中又做了解释，称自己不该对抗公众认知：“按国家之前公布的定义，中央厨房预加工食品、主食、原材料预加工都不算预制菜，那么西贝门店里的都不算预制菜”。 近日，西贝对不少菜品价格做出调整。贾国龙称，目前西贝的客单价在75元左右，较之前降了20%，已降价的菜品不会再涨价。此外西贝要打造家庭欢乐餐厅，继续深耕儿童餐，继续提高门店用人质量。 9月10日，罗永浩一条质疑西贝使用预制菜的微博登上热搜。对此贾国龙回应称“西贝没有一道预制菜”，并向社会开放西贝门店后厨参观。此事件对西贝营业额与品牌形象造成了重大冲击。（信源：南方周末 图源官网）
5247780378907457,今视频长天新闻,Thu Dec 25 16:36:44 +0800 2025,西贝预制菜风波100天后贾国龙现状【贾国龙说连续40天靠吃安眠药助眠】 西贝风波100天后，贾国龙发声：这场风波让西贝遭遇远超以往的经营危机。他透露自己曾经连续40天靠吃安眠药助眠。不应该和顾客硬刚，未来不能再独断专行，已降价的菜品不会再涨价。 贾国龙说如果能重来坚决不硬刚（钱江晚报 01X）
5247780399876620,科技小优,Thu Dec 25 16:36:49 +0800 2025,本来以为贾老板，真的认真思考了西贝的预制菜风波。但现在看来还是没能抓到重点。这个词条中就说明了是“预制菜风波”，而且对于网友们来说，贾老板说的问题重要，但又不是那么重要，重要的是预制菜卖现炒菜的价。贾国龙首次回应西贝预制菜风波
5247780581019387,叶问说车,Thu Dec 25 16:37:32 +0800 2025,在这个节点“被采访”和说“软话”，贾国龙是自己醒悟，还是有高人指点？贾国龙首次回应西贝预制菜风波贾国龙说向顾客和员工认错
5247780746699649,聚焦核心-4倍配姿,Thu Dec 25 16:38:12 +0800 2025,西贝预制菜风波100天后贾国龙现状A股 收评：指数和情绪继续上行。跨年的行情已经再来的路上了。咱们也是靠着坚定主线，这两天享受到了大肉，都是持股待涨状态，龙头航天发展今天压住异动，绕过异动之后就有50点的空间了，接下来可以边走边看。明天前排有好的核心 继续加仓干，一起迎接跨年行情。
5247780763207106,第十层追鑫饭,Thu Dec 25 16:38:16 +0800 2025,西贝预制菜风波100天后贾国龙现状别在这狡辩了，就是为了赚快钱，啥屁不是，又贵又预制，厨师连个菜都不会炒
5247781129946392,才露财笑,Thu Dec 25 16:39:43 +0800 2025,贾国龙回应西贝冷冻西兰花争议沉默100天后，西贝创始人贾国龙就预制菜风波首次受访，直面冷冻食材等争议焦点。 2025年9月，罗永浩吐槽西贝“预制菜价高”，贾国龙曾强硬回应却遭冷冻食材、保质期过长等问题曝光，引发信任危机。 此次贾国龙公开认错，承认以国标定义对抗公众“现制”期待的错误，坦言应对风波时硬刚罗永浩、言论不当等行为激化矛盾，透露风波期间日损百万、靠安眠药入睡。 为挽回口碑，西贝推出降价20%、菜品现制化等措施，将鸡汤现熬、饺子现包等工序前移至门店，减少预加工依赖，同时升级阳光厨房保障透明化。 贾国龙表示，西贝不会完全脱离中央厨房，但将平衡标准化与消费者需求，支持预制菜国标出台。 此次事件也警示餐饮行业，需尊重消费者知情权，避免因认知差异引发信任危机。财经财经[超话]全网热点共创计划微博智搜内容共创计划
5247781188930136,性情中人1560589593,Thu Dec 25 16:39:57 +0800 2025,西贝预制菜风波100天后贾国龙现状/..
5247781210165460,茛雨,Thu Dec 25 16:40:02 +0800 2025,西贝预制菜风波100天后贾国龙现状 西贝创始人贾国龙曾连续40天靠安眠药入睡，坦言诸事缠身。9月罗永浩质疑西贝用预制菜引热议，贾国龙先称无预制菜并开放后厨，后承认日营收损超百万，面对后续争议沉默，西贝致歉并调整加工工艺。贾国龙1988年退学创业，从内蒙做到全国300多家门店，2023营收62亿，此番遇空前舆情。他自省问题根源是骄傲，误判快餐项目与硬刚罗永浩，也坦然认错。
5247781342282842,天阳灿,Thu Dec 25 16:40:34 +0800 2025,西贝预制菜风波100天后贾国龙现状你可小心点儿吧，罗永浩现在正拔了手机看你说啥了呢
5247781759617049,angel_宸,Thu Dec 25 16:42:13 +0800 2025,西贝预制菜风波100天后贾国龙现状风波以后菜的味道更好了，外卖的时候分量也大了。感觉风波以后的西贝更加注重顾客的感受了。
5247782623644861,科技Ray,Thu Dec 25 16:45:39 +0800 2025,西贝预制菜风波100天后贾国龙现状 “如果能重来，坚决不硬刚。”[允悲] 这是总结到位了，其实菜的问题本来就可大可小，行业部分默认，但没有出现卫生现象这样的大问题。 网上看不惯的一是价格确实不算低，二是这个价格在别人家都是现做这边却死活要争个新鲜的定义。更何况后面那些温情宣传、把老板捧到天上的发言，在外人看来确实尴尬到抠脚趾。 这之后西贝也突然像开窍了一样，默不作声地发券发优惠。看到很多人好像几块钱都能吃一顿饭，其实这才是在这种正反都能说通的舆论面前正确的处理方式。
5247783465914729,宜春发布,Thu Dec 25 16:49:00 +0800 2025,【收藏！18 个家常菜，自己做起来！】总吃大餐，钱花得多又怕不健康，自己又不会做菜？看这里！18 个简单美味家常菜的做法↓↓简单易学，转存！ 西贝预制菜风波100天后贾国龙现状
5247783637358256,大风吹奏,Thu Dec 25 16:49:41 +0800 2025,贾国龙说如果能重来坚决不硬刚 西贝餐饮“预制菜”争议，从消费讨论演变为“网络黑社会”的指控，一个头部餐饮企业都差点被搞掉，所谓的保护民营经济，保护营商环境从何谈起？ 看起来有《民营经济促进法》，经常的实施“清朗”专项行动，但是黑嘴还是这么肆无忌惮，有谁来管？ 保护民营企业不能止于口号。企业自身当然需完善治理、诚信经营；但社会应理性监督，不能恶意诋毁；政府部门则须持续优化营商环境，坚决惩治网络黑嘴，才能让企业家心无旁骛，推动经济高质量发展。热点观点律师说法
5247783717046062,半岛晨报,Thu Dec 25 16:50:00 +0800 2025,联合辟谣微博辟谣【今日辟谣（2025年12月25日）】部分机构冒用清华名义散布不实招生信息 清华大学郑重声明广州一马拉松赛发布“手铐型”奖牌不实同时吃多种感冒药或退烧药，好得快？四川网信部门严处一批挑动负面情绪“自媒体”账号详戳↓↓↓ 广州一马拉松赛发布“手铐型”奖牌不实——今日辟谣(2025年12月25日)
5247784242645447,第一帮帮团,Thu Dec 25 16:52:05 +0800 2025,关于预制菜，必须厘清的几个问题。（新华社）西贝预制菜风波100天后贾国龙现状2026年春节将放假九天每天存82块一年就有三万块 第一帮帮团的微博视频
5247784248676057,结着冰霜的黑色围巾,Thu Dec 25 16:52:07 +0800 2025,西贝预制菜风波100天后贾国龙现状好不容易回到正规了 怎么又出来嘚瑟 赶紧闭嘴吧 能不能替那么多辛苦的员工考虑一下
5247784980579944,钛媒体影像,Thu Dec 25 16:55:01 +0800 2025,“预制菜风波”后贾国龙首发声：连续40天靠吃安眠药入睡 不该正面硬刚说要起诉罗永浩西贝预制菜风波100天后贾国龙现状贾国龙说不该硬刚罗永浩 钛媒体影像的微博视频
5247785169326514,老箱子,Thu Dec 25 16:55:46 +0800 2025,西贝预制菜风波100天后贾国龙现状被人说“不是”的应激反应！缺乏冷静气质，做大生意之大忌。
5247785172739925,mobile_watcher,Thu Dec 25 16:55:47 +0800 2025,【西贝预制菜风波100天后贾国龙现状】预制菜风波后贾国龙靠吃安眠药入睡， 贾国龙称骄傲让他对很多事产生误判，预制菜没问题，大大方方承认，然后打点折，价格合适大家还是会去吃。西贝也解决了不少就业。 大商场不准动明火，开在大商场的这些饭店，有一家算一家，基本上全部都是预制菜，不需要藏着掖着，大大方方承认就完了。前几天去万达吃的焖锅，难吃的要死，非常非常难吃。
5247785373013031,百美生品牌创始人-李灿,Thu Dec 25 16:56:35 +0800 2025,西贝预制菜风波100天后贾国龙现状罗永浩去开一家餐厅，可能比贾国龙更糟糕！
5247785542094302,胡化立,Thu Dec 25 16:57:15 +0800 2025,西贝预制菜风波100天后贾国龙现状 贾国龙说：“坚决不硬刚，耐心听每一个顾客的意见。吵架得两个人吵，你不吵，也吵不起来。以后我也不再做个人IP，退回来认真干活。在管理企业方面，我还是有心得、有兴趣。好好把菜做好、服务好顾客，这才是我擅长的。” 简评一句吧，看了南方周末的采访全文，态度诚恳，内情也真实，算是对西贝风波的一次反思吧，可圈点。 但老贾还是误解了个人 IP，这个误解，可能间接成了这次风波的导火索，为什么？因为潜意识里，做了个人 IP 就要勇于去表达，特别是老板，要站在第一线。 错了！老板 的个人 IP ，也是要放在整个企业的内容和口碑管理体系里的。 另外，老贾在事件后，删光了所有的自媒体账号，这也算是他的另一个误解，不是说老板做了自媒体账号，就是做个人 IP 了。 不同的人，在企业的不同阶段，用个人IP的作用和目的是不同的，呈现的方式和方法也是不同的，最简单的例子，褚时健，任正非有自媒体账号吗？没有，他们有个人 IP 吗？当然有。 另外，企业战略大于内容管理，内容管理大于个人 IP，在整个企业经营中，个人 IP 只是手段，它需要服务于明确的目的。胡言锋语双ip营销胡化立品牌观察
5247785756527404,招财猫-M,Thu Dec 25 16:58:06 +0800 2025,西贝预制菜风波100天后贾国龙现状打价格打下来了还是全现炒了？
5247785926658002,莉莉-只说废话,Thu Dec 25 16:58:47 +0800 2025,西贝预制菜风波100天后贾国龙现状知错改错都是好孩子，谁没点风波呢？餐饮的这波寒流希望西贝能挺得住，我挺喜欢西北菜的。 上个月，有朋友约我吃饭，小心翼翼问我，能吃西北菜吗？她说特意挑的，坐窗边，大玻璃，望江边，环境好。 我平易近人，吃什么不重要，重要跟谁一起吃，就是……我说：“换个位置吧，我怕晒”[笑cry][笑cry][笑cry]。 哈哈哈，她马上调整，用餐愉快[太开心][太开心][太开心]遇见美好[超话]
5247786165742090,21世纪经济报道,Thu Dec 25 16:59:44 +0800 2025,【西贝贾国龙说如果能重来坚决不硬刚】西贝预制菜风波100天后贾国龙现状近四十年的创业过程里，贾国龙从未遇上如此汹涌的舆情。他说，“贾国龙所有问题都可以归结到两个字——骄傲”。骄傲让他对很多事情产生误判，从投入5亿元、折腾8年执意做快餐，到选择和罗永浩正面“硬刚”。
5247786188015860,安迪造福开运命理师,Thu Dec 25 16:59:49 +0800 2025,西贝预制菜风波100天后贾国龙现状狂相！认怂了！但是还是不敢面对现实！有钱后，飘了，然后周围信息壁垒，让他忘乎所以。企业家出事，基本都是这个原因，传说忘本。
5247786233635765,网易财经,Thu Dec 25 17:00:00 +0800 2025,【贾国龙首次回应西贝预制菜风波 ：如果能重来坚决不硬刚 未来不能再独断专行】西贝风波已经过去100天，西贝创始人贾国龙近日接受采访时表示：对这次风波深刻反思，当时不应该选择硬刚，我认错，向顾客认错向员工认错，也向我自己认错。 贾国龙坦言自己不应该和顾客硬刚，人都是吃一堑长一智，未来不能再独断专行，并表示自己“长期忽视了顾客的声音”、“未来要耐心听每位顾客的意见。”回顾这100天，在选择全网闭麦静音后，贾国龙带领下的西贝开始用积极的行动回应公众质疑。 1、为响应顾客对现制的要求，西贝在9月、10月先后对10余道产品进行现制调改，鸡汤门店现熬、饺子门店现包、羊肉串门店现穿、肉酱门店现炒.... 贾国龙表示：”我们顺应消费者的期待和要求，认真调改中央厨房，让门店多承担处理环节，回归烟火气。“ 但贾国龙也坦言作为一家连锁餐饮品牌“西贝不可能完全脱离中央厨房，全部环节都由门店现做，因为管理难度会急剧扩大，食品安全的风险会大幅增加，食品安全是底线。” 2、针对网友吐槽西贝价格贵，西贝也做出了积极响应。10月起对全国30余道产品降价，幅度近20%。客单价从92元下调至75元。面对降价是临时政策的质疑，贾国龙首次回应：“已降价的菜品不会再涨价，是长期的。同时，未来也会提供更好的附加服务，比如积极研发新菜，打造欢乐温馨的就餐体验。 当然，成本和品质注定了西贝不会变成一个低价品牌，但也不是个高价品牌，我们希望顾客们在西贝吃得安心，而且物有所值。” 3、响应食安新规，全国落实“阳光厨房”，持续升级食安标准。面对社会对食品安全的更高要求，西贝主动在全国范围落实“阳光厨房”号召，全部门店实现明厨亮灶、后厨直播，产品制作情况在店内一目了然。西贝同期推出“食安卫士计划”，全员学习食安知识，并根据考核授予食安卫士星级。门店标配“一日食安员”负责门店食安标准落地。贾国龙透露，在风波期间，政府对西贝进行了80余次检查没有一起处罚。这也进一步证明西贝的食安基本面稳固。贾国龙说如果能重来坚决不硬刚
5247786233898725,爱踩盘的他爸,Thu Dec 25 17:00:00 +0800 2025,贾国龙首次回应西贝预制菜风波 记者提问：现在你发现自己犯了哪些错误？ 贾国龙：第一个错误是选择正面硬刚，说我宁愿不做生意，也要辨明是非，一定要起诉罗永浩；第二个错误是开放厨房；第三个错误是我在一个微信群聊里发言，回应同行关心，用了“网络黑社会”的说法。归根结底，都是因为冲动。还有一个更大的错误，是我长期忽视了顾客的声音。 死猪不怕开水烫，[挖鼻]
5247786316729127,耿向顺,Thu Dec 25 17:00:20 +0800 2025,看到西贝老板的那个回应，他觉得正面硬刚、开放厨房、群里回应这些做错了，这些其实都只是方法、术层面的错误，并不是这件事的根本。 消费者去某餐馆吃饭，吃完之后微博上吐槽一两句又贵又难吃、怀疑是预制菜，没有任何问题，是非常正常的事情。 本来西贝要是不理不回应冷处理或者真诚道歉整改，这一波舆论危机本来是个不错的机会，不料他们自己把事情搞得越来越糟糕。 别人点了根火柴，自己背着炸药汽油凑上去，真的是自己把自己害死了。 西贝那件事真正的问题，是消费者知情权被损害以及菜品定价太贵。 卖预制菜，不管是全部预制、还是部分预制，只要卫生安全健康，那是可以卖的。 但要标注得明明白白，都一定要如实告知消费者，不能欺骗消费者，让消费者有知情权、选择权。 如果卖预制菜，那价格要降低，不能按照现炒菜的价格来卖。 为什么蜜雪冰城的柠檬杯爆出不是现切新鲜的（但无质量和安全问题），消费者也能接受，因为他们买的得便宜卖得实惠，消费者也能宽容。 要是蜜雪卖二十块一杯，还存在这样的问题，消费者可就不能忍、不会那么宽容了。 海底捞价格并不算便宜，但口碑好、受欢迎、根本排不上队，是因为他们在食品安全卫生、服务等方面做得出彩。 如果某贝一道菜十几块、一个馒头五毛一块、人均消费二三十，肯定没有人去苛求他们不能用预制菜，不会有这次这样的风波，毕竟价格就在那里了，顾客的消费预期也会低很多。 然而，如果哪家中偏上消费水平的餐饮店，一个馒头都能卖二十块，人均消费一两百，已经算比较贵、比较高档的餐饮了，顾客对他们的食品质量、服务质量、口味等要求也应该更高。 如果哪家餐饮店定价很贵，还用预制菜来糊弄顾客，那就真的不行了。 你的价格，和你的产品、服务质量要匹配得上。 西贝预制菜风波100天后贾国龙现状贾国龙回应西贝风波
5247786448062583,掐断谣言的翅膀,Thu Dec 25 17:00:51 +0800 2025,西贝预制菜风波100天后贾国龙现状罗永浩在这个事情上确实胡搅蛮缠，但是西贝的公关是一个更大的灾难。好的公关可以让一个企业百尺竿头，糟糕的公关，可能就让一个企业成为历史。
5247786834203037,热闹大喇叭,Thu Dec 25 17:02:23 +0800 2025,西贝预制菜风波100天后贾国龙现状只要他沉默了，人们就会慢慢淡忘了，互联网每天都发生着热点，是一个容易忘记的世界。
5247787073014218,市场博物,Thu Dec 25 17:03:20 +0800 2025,西贝预制菜风波100天后贾国龙现状 罗永浩和西贝这件事，流量简直太大了，以致之后这100天，生活领域感觉就像没事发生一般。我当时随便发了两条简单的词条微博，就赚了400元，当时那个流量像疯了一样！ ​​​​ 前几天和餐饮朋友吃饭，他认为，罗永浩的后台老板是抖音。其实像这样谈笑间掀起惊天流量巨浪的人，哪个平台不喜欢啊！
5247787476191521,金华磊哥,Thu Dec 25 17:04:56 +0800 2025,贾国龙首次回应西贝预制菜风波今天看了贾国龙的专访，有些感触。 一个58岁的人，连续40天靠安眠药睡觉，第一次知道自己被叫&quot;老登&quot;，被网络舆论冲击得措手不及。这个形象挺真实的，就是个不懂网络的老派企业家，在社交媒体时代显得特别笨拙。 但人家也在认真改啊。客单价从95降到75，实打实降了20块。员工涨薪，后厨装透明玻璃，政府来检查80多次零处罚。南方周末报道里说，还要每个店增加10个欢乐使者，人力成本主动增加5%。 最难得的是他说&quot;我认错，向顾客认错，向员工认错，也向自己认错&quot;。能这么坦诚承认错误的企业家，真不多。 给个改错的机会吧，毕竟做事还算实在。
5247787610407988,彩纷纷纷,Thu Dec 25 17:05:28 +0800 2025,西贝创始人说不该正面硬刚罗永浩 贾国龙称自己犯了3个错误：第一个错误是选择正面硬刚，说我宁愿不做生意，也要辨明是非，一定要起诉罗永浩；第二个错误是开放厨房；第三个错误是我在一个微信群聊里发言，回应同行关心，用了“网络黑社会”的说法。 同时他也表示，还有一个更大的错误，“是我长期忽视了顾客的声音”。 我觉得最后那句是最正确的。 开门做生意，顾客永远是上帝，其实开放厨房是对的，一次性暴露自己的风险，把问题摆到明面上一把过地解决，对他反而是更好的，关键不应该跟顾客杠，什么“保质期24个月的西兰花不是预制菜”，这谁听了心里不得咯噔。 市面上有那么多新鲜西兰花不用，非要用这个8块钱一斤的还保质期超长的？不要说什么它符合哪个食用标准，蔬菜放久了，维生素肯定会流失，这应该是常识。 所以，罗永浩最后说的“是我长期忽视了顾客的声音”，希望他是真的认识到了这一点，而不是顾客说什么，第一时间想要辩解什么。 前几天在商场里路过，现在西贝的生意还不是很好，远不如出事前的，当然我也希望西贝能挺过去，为我们提供更优质的服务和就餐选择。
5247787648418953,丿正能量键盘大法宫,Thu Dec 25 17:05:37 +0800 2025,西贝预制菜风波100天后贾国龙现状是啊，牛马也近40天便秘，怎么不报道
5247787723391514,小满,Thu Dec 25 17:05:55 +0800 2025,在罗永浩掀起“西贝预制菜风波”后，西贝创始人贾国龙选择了硬刚，后者不懂如何处理危机公关，加之其多年扎根餐饮行业，认为自己很懂餐饮，明白预制菜的专业定义，骨子里的骄傲让他预判、低估了罗永浩，“吵架没输过”的老罗，深谙如何带动网络节奏，遇上一个不懂网络的贾国龙，输赢从一开始就成了定局。西贝预制菜风波100天后贾国龙现状贾国龙说如果能重来坚决不硬刚 这场“预制菜风波”后，罗永浩收获了难以估计的流量，并带动个人播客《罗永浩的十字路口》出圈，可以更轻松采访到各行业的头部。而西贝贾国龙在预制菜风波后，清空了近期微博，远离互联网喧嚣，选择了沉默、降价，并默默给给1.8万一线员工每人每月涨薪500元，设立“委屈奖”补贴遭网暴员工，明确要求“不准减排班、不准裁人”。 面对罗永浩，熟悉互联网经济的人，都是敢怒不敢言，维持表面的和谐，江湖不是打打杀杀而是人情世故，至于罗永浩早年的“精日”言论，相关部门不算旧账，罗永浩不再重提“精日”旧事，大概率是安全的，毕竟罗永浩也在为互联网经济繁荣做贡献。 反观贾国龙，不会耍嘴皮子，西贝预制菜风波100天后才现身，贾国龙说向顾客和员工认错，他没有说会向罗永浩认错，他只是觉得长期忽视了顾客的声音，并未否认罗永浩不是“网络黑社会”，他只是不再选择与其正面硬刚，那样真挺没意思。
5247787740430339,沈阳大黑牛,Thu Dec 25 17:05:58 +0800 2025,西贝预制菜风波100天后贾国龙现状他好难啊，赚那么多钱还睡不着。像我们这些月薪3000的牛马是怎么睡着的呢。热点解读
5247787970596289,百花香帅,Thu Dec 25 17:06:54 +0800 2025,贾国龙认识到了4个错误贾国龙沉默100天后的这次专访，值得细读。最打动我的是他的自我剖析深度。&quot;所有问题都可以归结到骄傲&quot;——这句话很重，承认选择硬刚是错的，开放厨房时机不对，说&quot;网络黑社会&quot;太冲动。这种彻底的自我否定，在企业家群体里真不多见。大多数人即便认错，也会找点客观理由给自己台阶下，像他这样把责任全揽自己身上的，少。 58岁才知道&quot;老登&quot;是什么意思，这个细节挺有意思。一个没有网感的老派企业家，用最笨拙的方式应对网络舆情，但也用最实在的行动在改进。 西贝这100天的改进清单摆在那:客单价降20%、员工涨薪、80多次食安检查零处罚、后厨透明直播、增配欢乐使者。每一项都是可感知的实际投入，不是空头支票。 从&quot;独断专行&quot;到&quot;听劝认错&quot;，从&quot;硬刚辩解&quot;到&quot;沉默做事&quot;，如果这个转变是真的，那就值得给个机会。
5247788078334296,结果嘞结果嘞2333,Thu Dec 25 17:07:19 +0800 2025,西贝预制菜风波100天后贾国龙现状不想看这个老登，只盼望西贝倒闭
5247788292245923,丙焱照耀,Thu Dec 25 17:08:11 +0800 2025,贾国龙首次回应西贝预制菜风波预制菜不怕开水烫
5247788457922517,张高端,Thu Dec 25 17:08:50 +0800 2025,西贝预制菜风波100天后贾国龙现状 非要挨顿毒打才能意识到最开始就该闭嘴
5247788482301177,山巅哥,Thu Dec 25 17:08:56 +0800 2025,西贝预制菜风波100天后贾国龙现状网友只想让你死
5247788570905135,xiaohutuxianer,Thu Dec 25 17:09:17 +0800 2025,西贝预制菜风波100天后贾国龙现状生活手记 原来贾总是巴盟人。因为工作的原因接触一些巴盟人，也去过巴盟的临河。对巴盟人的印象是耿直、憨厚、不会花花绕。西贝我就不妄评了P.S：因为熟知“葬花吟”，才不至于读错巴彦“淖”尔
5247788575360495,虎斑星人,Thu Dec 25 17:09:18 +0800 2025,西贝预制菜风波100天后贾国龙现状 我很不喜欢这个老板那种“爹味儿”和觉得天下最牛逼的就是自己，全是个人能力，而不是时代红利造就了，消费者成就了他的那副嘴脸。 最近一个月也点了几次他家外卖，半价菜确实很划算，包装也是可圈可点，一次性桌布，餐具，都很可以。但是那个猪肉的味道，个人喜好，很不喜欢，牛腩炖菜很不错。 不过吃了几次也腻了，西贝就外卖而言，是高水准的，至于它的粉丝们，真金白银的消费群体是多爱多恨，那与俺们无关紧要。 这个人，很不讨喜，当了老板，不是当了皇帝，自信可以，别自信过了头。 说白了，人，都是人，人，只是人。 不是因为你有钱了就成神，谢谢～
5247788881283735,王者归来,Thu Dec 25 17:10:31 +0800 2025,西贝预制菜风波100天后贾国龙现状确实需要反思很多了！
5247789034376612,老树千年vvv,Thu Dec 25 17:11:08 +0800 2025,西贝预制菜风波100天后贾国龙现状我好像从来没主动选择过西贝，因为他是西北菜，我一个在西北长大的人……
5247789635733125,追瓜者0,Thu Dec 25 17:13:31 +0800 2025,西贝预制菜风波100天后贾国龙现状承认自己用了预制菜没有？承认自己把预制菜卖了现制菜的价格没有。
5247790016889695,adrianolove1999,Thu Dec 25 17:15:01 +0800 2025,西贝预制菜风波100天后贾国龙现状对，继续，我看看还有啥瓜
5247790206684433,在努力和幸福的道路上,Thu Dec 25 17:15:47 +0800 2025,西贝预制菜风波100天后贾国龙现状 消费者谈西贝对此事件反应傲慢冷漠。 消费者不纠结是否是预制菜，而是花钱了需要有知情权。 在努力和幸福的道路上的微博视频
5247790284541640,渠河online,Thu Dec 25 17:16:06 +0800 2025,贾国龙首次回应西贝预制菜风波两岁的西兰花，厨具捞下水道，无证上岗，都不是错误是吧
5247790503955952,壹摇摇,Thu Dec 25 17:16:58 +0800 2025,西贝预制菜风波100天后贾国龙现状习以为常就好
5247790922864534,老孙聊科技,Thu Dec 25 17:18:38 +0800 2025,西贝预制菜风波100天后贾国龙现状大家发现没有？每一次西贝的热度刚下去，贾老板自己就跳出来 每次都这样，热度下去了，大家都不关注了，门店应该开始恢复正常经营了，贾老板又跳出来了 背后到底是谁在给贾老板支招？每一次都好像有人在推动，生怕西贝能缓过来 贾老板也特别听劝，每次热度一下去，都要恢复正常了，自己送到网友面前
5247792954212985,愿做一只啄木鸟,Thu Dec 25 17:26:42 +0800 2025,我的美食日记西贝预制菜风波100天后贾国龙现状这才是有烟火气的美食，而且价格也不贵。 愿做一只啄木鸟的微博视频
5247793644964643,大大碗吃饭,Thu Dec 25 17:29:27 +0800 2025,西贝预制菜风波100天后贾国龙现状西贝预制菜风波闹了三个多月，看贾国龙坦言靠安眠药入睡、道歉认“骄傲”，还挺有感触的。其实大家反感的从来不是预制菜本身，而是西贝的“双标”——之前力挺预制菜，被质疑后又拿行业标准硬杠，明明用了长期冷冻的食材，却还卖着现做的高价，这才伤了消费者的心。 说起来，预制菜本身没毛病，中央厨房预处理能保证标准化，也省了门店成本，现在很多连锁餐饮都在用。但问题出在“信息不透明”和“价值不匹配”，人均快百元的消费，消费者期待的是烟火气和新鲜度，结果是解冻复热的菜品，换谁都会觉得不值。 西贝的跟头，本质是骄傲让品牌脱离了消费者。创始人觉得自己的标准没问题，却忘了餐饮的核心是让顾客满意，而非纠结定义之争。反思下来，不管是企业还是做人，都别让“优越感”盖过同理心。 预制菜该用但要坦诚，标清楚、价合理，消费者自然能接受。希望这次风波能让更多品牌明白，餐饮行业拼到最后，拼的不是规模和辩解，而是真诚与透明。
5247794323391984,赵宏民,Thu Dec 25 17:32:09 +0800 2025,"承认""骄傲""导致误判，从硬刚到沉默，从辩解到改进。这个转变如果是真的，值得给机会。一个老派企业家在学习进化，58岁还能这样自我否定，不容易。 西贝预制菜风波100天后贾国龙现状"
5247794470193335,ChineseSunMoonStar,Thu Dec 25 17:32:44 +0800 2025,沉默百天贾国龙首次发声，称自己犯了三个错误，如果能重来，坚决不硬刚！贾国龙首次回应西贝预制菜风波 ChineseSunMoonStar的微博视频
5247797618018010,河池融媒,Thu Dec 25 17:45:14 +0800 2025,小学火灾案班主任量刑依据披露【班主任兼宿管被判刑引热议，河南方城“英才学校火灾案”判决书披露量刑依据】判决书披露小学火灾班主任量刑依据“英才学校13死4伤火灾案”12月19日在河南方城县人民法院一审宣判后，班主任兼宿管老师贾某被判刑引发网络讨论，有声音质疑对58岁的宿管贾某判刑量刑过重。 一审判决书显示，宿管员老师贾某曾堵住宿舍后门，校领导检查时发现该情况，但为便于老师管理宿舍，没有责令打开。被害人家属代理律师介绍，被害学生主要是睡在被床堵住的东门附近的学生。 判决书还显示，贾某供述称，没有对305宿舍每个学生随身携带的物品进行检查，存在安全隐患，本人存在疏忽大意。其称，自己不知道按规定标准应该住多少学生。 贾某供述，起火时被人喊醒，看到宿舍南部中间的窗子附近着火了。其起床后喊学生起来，接着跑出宿舍，在门口喊韩某某主任，后又拿着宿舍门口灭火器，拔灭火器销子时韩某某主任过来了，给韩某某说灭火器在这。然后给校长徐向阳打电话。“我被吓瘫在地上，没有力气站了，只能喊学生出来。” 判决书显示，多名学生证言显示，被贾老师喊醒后跑出宿舍，同时看到贾老师在宿舍里面喊，后来又趴在宿舍门口喊，带着哭腔。有学生证言称，自己跑出宿舍，看见贾老师在过道蹲着，问屋子里还有谁，他说还有好朋友张某某，贾老师让其进入到火场去喊张某某，贾老师没有到宿舍内去救援同学，其左手、右手及右上臂被烧伤。另一学生证言也提到贾老师让前述学生进宿舍叫人。 有被害人家属代理律师告诉澎湃，多名学生提到，作为宿管，平时贾某会检查学生物品。庭审中，有其他被害人家属代理律师指出，证言显示，被贾某要求进入宿舍去喊张某某的学生，和张某某有短暂交流，不过，最终张某某未逃出宿舍而遇难。从这位学生能够出来，可见当时有一定救援条件，贾某作为成年人和宿管，却让一个未成年人进入火场救人，已涉嫌故意伤害。 被害人家属代理律师称，在此前庭审中，三被告人均表示认罪认罚，都没有表示要上诉。 据判决书显示，火灾事故调查报告显示，起火时间为2024年1月19日22时45分许，起火原因系一名小学生在宿舍内用打火机烧断自己被子上的线头时，不慎引燃其西侧相邻双层木床上铺放置的学生衣物。 经调查实验，起火后约12分30秒发生轰燃，形成全室燃烧。经公安机关检验鉴定，13名遇难人员均因吸入高温有毒烟气致死。 原因包含：宿舍人员密集，疏散逃生条件差。事发当晚，305房间住宿34人，远超“不应超过10人”的标准要求。床铺密集设置，上铺学生须爬梯下床，下铺学生须从床尾爬出。 起火房间有2个疏散门，东侧房门被床铺堵挡，中间床铺起火，部分学生只能穿过着火区域从西侧房门逃生。 对该案三被告人在火灾事故中的责任大小问题，判决书指出，被告人李某系砚山铺英才学校的投资人、建设人、实际控制人，负责该校的全面管理，是该校安全工作的第一责任人。被告人徐某阳系李宇聘用的砚山铺英才学校校长，负责学校的日常管理工作，是该校安全工作的直接负责人。被告人贾某系砚山铺英才学校聘用的老师及305宿舍宿管员，是305宿舍安全的具体责任人。 对贾某的责任，判决书指出，其明知305宿舍存在住宿人数严重超标、独立式感烟火灾探测报警器没电、缺少喷淋设备等安全隐患，还使用床铺封堵宿舍东侧安全出口，未对学生携带打火机等违禁物品进入宿舍进行检查，且在火灾发生时，未第一时间报警灭火，未第一时间有效组织本宿舍学生疏散。 综上，法院认定三被告人均系本案火灾事故的直接责任人员。 判决书显示，法院经审理认为，本次火灾事故造成13名小学生死亡、1名重伤、3名轻微伤，后果特别严重，社会影响极其恶劣，对三被告人依法应从严惩处。李某、贾某归案后如实供述并认罪认罚，但李某作为学校实际控制人及主要管理人，对本案火灾事故应负最主要责任，对其依法不予从轻处罚，贾某对火灾事故应负的责任相对轻于李某、徐某阳，依法予以从轻处罚。对李某、徐某阳及其辩护人提出的对其从轻处罚的意见，法院不予采纳。贾某的辩护人提出的部分辩护意见，法院予以采纳。最终，法院以犯教育设施重大安全事故罪，判处李某有期徒刑七年、徐某阳有期徒刑六年六个月，贾某有期徒刑六年；同时，禁止三被告人自刑罚执行完毕之日起五年内从事与教育教学相关的职业。（澎湃新闻）2026年春节将放假九天夫妻俩虚假报名758次公务员考试获刑西贝预制菜风波100天后贾国龙现状李宏毅全炫茂承认患有勃起障碍限高
5247798300639599,我是西蒙周,Thu Dec 25 17:47:56 +0800 2025,贾国龙首次回应西贝预制菜风波
5247799055877248,打工归来啊,Thu Dec 25 17:50:57 +0800 2025,西贝预制菜风波100天后贾国龙现状 这次老先生检讨的挺深刻，检讨了不能硬刚，对现在的流量不懂，厨房开放的时机不对等等。 蛮好的，这么大年纪还能反思，我觉得就是很牛的。 也推动了企业的透明化，还有堂食多样性的进步。 另外真心建议以后不要再给华与华花冤枉钱了，一年600万的顾问费，顾问个啥呀？根本不懂现代企业经营跟管理，不懂现代公关跟营销。 这个事情火上浇油，华与华要负主要责任，什么傻逼玩意儿。
5247799742432359,青年说,Thu Dec 25 17:53:41 +0800 2025,贾国龙说西贝的发展不只靠运气贾国龙称若西贝撑不住将不再创业时隔100天后，58岁的贾国龙终于对西贝预制菜风波做出回应。贾国龙公开向社会道歉，称长期忽视了顾客的声音，未来不能再独断专行。公众理解的预制菜概念也各不相同，不该以之前的定义去对抗公众认知。西贝从内蒙古临河一个小县城发展起来，走向全国，成为中式正餐的头部连锁企业，靠的不只是运气。 贾国龙表示，假如西贝活不下来绝对不会再创业，但如果挺过这场危机，还会继续给门店增加人力投入。如今西贝客单价是75元左右，较之前降了20%，已降价的菜品不会再涨价。贾国龙还说，未来要打造家庭欢乐餐厅，继续深耕儿童餐，为顾客提供欢乐温馨的用餐氛围。（南方周末）
5247799760257214,Anne-保持好奇,Thu Dec 25 17:53:44 +0800 2025,西贝预制菜风波100天后贾国龙现状 哎，贾老板也挺有意思的。 在这个互联网体系里，财大气粗的老板反而是弱势群体，只是他们自己不知道罢了，还以为在自家公司呢，你说啥没人敢吭声。 在家是顶级豪宅，出门顶级酒店总统套房，不管说啥，周围的马屁精都会唯唯诺诺。叠加长期的成功经历，早就让他们觉得自己就是全能的神，不仅懂市场，还懂人心。自己是全能的，其他人懂个毛，只是一群点头哈腰的配角。 长点心吧贾老板[二哈]
5247799785426625,地缘通,Thu Dec 25 17:53:51 +0800 2025,西贝预制菜风波100天后贾国龙现状 在预制菜风波100天后的言论，表面上是公开认错和整改承诺，深层是精心设计的危机公关、品牌重塑和战略调整组合拳。其“不可言说之意”并非恶意欺骗，而是商业领袖在危机中的必要策略性沟通——既安抚公众情绪，又保留企业核心竞争力和未来操作空间。这种“有限透明度”是中国餐饮企业在舆论压力下的典型生存策略，符合商业理性但需警惕长期信任损耗。 关于危机本质的未明言认知 预制菜不是问题，沟通才是问题：真正错误不是使用预制菜，而是与公众认知对抗。 舆论场的游戏规则已变：自媒体时代，企业“解释权”大幅削弱，必须学会“示弱”而非“硬刚”。 中产消费者的“认知税”：消费者愿意为“新鲜现做”的认知支付溢价，即使成本差异不大。
5247799870360779,少年感爹系男友,Thu Dec 25 17:54:11 +0800 2025,西贝预制菜风波100天后贾国龙现状老畜牲，给孩儿吃保质期两年的西兰花，千刀万剐也不为过
5247799887397293,满分王一博,Thu Dec 25 17:54:14 +0800 2025,西贝预制菜风波100天后贾国龙现状西贝这场风波已经过去了，通过发优惠券的方式很多西贝店铺已经恢复正常了，老板又出来让人重新记起，到底是谁给他支的招，西贝这令人头疼的公关
5247800033677064,尤加利的星空,Thu Dec 25 17:54:50 +0800 2025,西贝预制菜风波100天后贾国龙现状现在做品牌，要“亲民”，已经过了品牌高高在上的时代～～骄傲的品牌，没有温度的品牌，只会离开消费者人群，自己去嗨～～～
5247801034540945,李天时,Thu Dec 25 17:58:49 +0800 2025,贾国龙的难言之隐：“按国家之前公布的定义，中央厨房预加工食品、主食、原材料预加工都不算预制菜，那么西贝门店里的都不算预制菜，但是，我确实不该用这一定义去对抗公众认知。”而且，两个月内，西贝在全国迎来各级部门近80起检查，无一例违规。这又说明什么？坚守了食品安全底线，真材实料、明码实价、童叟无欺，1.7万名员工的饭碗，如果这样的中餐连锁企业被裹挟的流量击倒，难道是好事？民营企业太脆弱了，谁都能来踹两脚。说好的稳就业、稳企业、稳市场、稳预期呢？
5247801980356629,林卷卷吖,Thu Dec 25 18:02:34 +0800 2025,贾国龙首次回应西贝预制菜风波第二个错误居然是开放厨房，丝毫不提两岁的西兰花、厨具捞下水道、无证上岗……所以他只是认输了，并不是认错，因为他根本没意识到自己的真正问题所在。 林卷卷吖的微博视频
5247802686837152,一修的朋友圈,Thu Dec 25 18:05:23 +0800 2025,西贝最大的失败就一句话，自以为是！ 一修的朋友圈的微博视频
5247803366309994,Miss汉谟拉比,Thu Dec 25 18:08:04 +0800 2025,看了贾国龙的最新回应，他说这次是第一次听到“老登”这个词。我们先看他的“认错”。贾国龙将风波根源归结为 “骄傲”，他说：“我向顾客认错，向员工认错，也向自己认错”。具体错误包括： 1.正面硬刚罗永浩，甚至扬言要起诉，激化矛盾； 2.仓促开放厨房，应对过于匆忙； 3.在同行微信群中用 “网络黑社会” 形容争议声音，引发反感； 他明确表示，若能重来会 “坚决不硬刚，耐心听每一个顾客的意见”，并放弃打造个人 IP，“退回来认真干活”，同时反思自己的 “幼稚和无知”，承诺未来不再独断专行。 关于争议最大的预制菜的问题，他还是之前的观点，他觉得他依据的是国家层面的预制菜定义，并解释了西贝的菜品加工流程（大部分菜品最后烹饪环节在门店完成）。但他承认，不该用专业定义去对抗公众的普遍认知。贾国龙首次回应西贝风波 说实话，贾国龙之前的表现，我们现实生活里太多了，尤其是体制内，包括但不限于国企央企稍微有一点点级别的人。我的天，什么尊重，什么礼貌，什么倾听，不存在的。但是到了比他们高级别的人那里，这些做人基本的技能好像又奇迹般的恢复了。 不然他怎么会在这个时候，才第一次听到什么叫“老登”？他听不到任何真实的声音，还不是他自己造成的吗？当管理者风格是“我只想听到我想听的”，真实的市场反馈和顾客抱怨就被过滤掉了。 还有路径依赖。这点我在多数老登企业家身上都看到了。从内蒙古小店到全国连锁，贾国龙的许多决策曾被证明是成功的。这种长期的“正确”容易催生“骄傲”，让他更相信自己的判断，而非外部声音。 他用“国家对预制菜的定义”来对抗公众的普遍认知，觉得我是对的，你们这样法盲不懂。这不仅是沟通失误，更是深层管理思维与市场脱节的体现。 其实也不用找别人对照，《武林外传》里邢捕头就是典型。 为什么这次道歉，大家态度不一样呢？因为传媒学里有个概念，叫弱传播。简单的说，舆论世界与现实世界的力量对比是反过来的，弱者更易获得同情与支持，强硬姿态反而会激化对立，也就是强肉弱食。贾国龙前期的 硬刚，都是他在单位习惯的做派，觉得自己永远是对的， 但公众才不吃这一套。而今他的道歉，“示弱” ，就是为了遵守弱传播的逻辑，这才是平息风波的关键。 当然这一切的前提都是，他愿意听人说，知道自己并不总是对的。
5247803645233473,从文子子,Thu Dec 25 18:09:11 +0800 2025,西贝莜面的预制菜买过两次，桂花糖小米糕不错，其他的品质不差，比自己做的还好些。 老罗素来特立独行，人比较聪明，喜欢剑走偏锋。 同时也整顿了一下饭店场。估计高高在上的老板多年不亲自下场，不太清楚现在的生态，被市场“反馈”了一波后完成了自我调整，反而有利于企业经营。这一波流量也算接住了，往网红方向又迈进了一步，恭喜恭喜！ 西贝预制菜风波100天后贾国龙现状预制菜风波后贾国龙靠吃安眠药入睡贾国龙称骄傲让他对很多事产生误判贾国龙称如果能重来绝不硬刚
5247805493084602,燕山派,Thu Dec 25 18:16:32 +0800 2025,贾国龙认识到了4个错误 58岁承认自己&quot;骄傲&quot;&quot;幼稚&quot;&quot;无知&quot;，向顾客认错，向员工认错，需要巨大勇气。 刚看到南方周末采访贾国龙的文章，采访中贾国龙透露，西贝将从“少人化”到“多用人”转变。过去十年，整个餐饮业都在学麦当劳，追求标准化、少人化、高效率，核心逻辑是降低人力成本。但这其中有一个问题，麦当劳是快餐，西贝是正餐，所以贾国龙提出了完全相反的思路，主动把人力成本从30%提到35%，每店增配10名欢乐使者，待遇过万元，打造家庭欢乐餐厅。因为正餐和快餐不是一个物种。快餐的核心是效率和性价比，标准化、少人化没问题。但正餐需要体验、需要服务、需要温度，这些东西必须靠真人来提供，技术和流程替代不了。看来这段时间，西贝降价、涨薪、食安公开、后厨透明，还不是嘴上功夫。
5247806325657430,热度新闻,Thu Dec 25 18:19:50 +0800 2025,【热度锐评：西贝用百天证明诚信才是压舱石从嘴硬到认错餐饮业该补诚信课】从嘴硬到失眠，贾国龙这100天给所有餐饮老板上了一课！西贝预制菜风波100天后贾国龙现状 贾国龙承认靠安眠药入睡的坦诚，让人看到了这位餐饮大佬光环下的真实困境。当他说“所有问题都源于骄傲”时，这不仅是个人反思，更是传统餐饮企业在新时代遭遇的集体阵痛。 从最初强硬回应“没有一道预制菜”，到如今全面调整后厨工艺，西贝这100天的转变，折射出餐饮行业正面临的根本性挑战：在消费者越来越重视透明度的今天，任何模糊边界的做法都将面临严苛审视。 这场风波不应止于西贝的个案。它警示所有餐饮企业：在社交媒体时代，消费者的信任极其脆弱又极其珍贵。放下骄傲，真诚沟通，用行动而非话术重建信任，才是企业长青的根本。 贾国龙说“我认错”的姿态值得尊重，但比认错更重要的是行动。消费者最终要看的，不是企业说了什么，而是后厨里实实在在的改变，这或许是西贝风波留给我们最宝贵的启示。
5247806835263798,红星新闻,Thu Dec 25 18:21:52 +0800 2025,【贾国龙称未来不再做个人IP，未来要放慢扩张，把欲望收缩一下】贾国龙称长期忽视了顾客的声音 距离西贝预制菜风波已过去100余天，12月25日，红星资本局从西贝获悉，西贝创始人贾国龙反思称：“我长期忽视了顾客的声音，如果再选择一次，坚决不硬刚，耐心听每一个顾客的意见。”对于后续经营，贾国龙表示，将放慢扩张，收缩欲望，把目前的300多家店经营好。 贾国龙称未来将放慢门店扩张
5247811357775439,王国信Eeo,Thu Dec 25 18:39:50 +0800 2025,西贝预制菜风波100天后贾国龙现状 不是。贾总，西贝的事情大家都要忘记了。你又出来回应个啥呢。[允悲]这和那华与华一样，净搞些火上浇油的事情，旧账翻起的事情。 西贝这个事，当初直接承认问题，感谢监督，马上做好标识更新菜单就行了。还是完全没有认识到问题所在，罗永浩不是问题根本所在。 只是罗永浩是一个导火线。不是罗永浩，下一次张永浩，李永浩都可能。 西贝创始人说不该正面硬刚罗永浩
5247811906177347,吕龟年看天下,Thu Dec 25 18:42:01 +0800 2025,眼泪遮不住虚假：从相宜驼奶粉看“助农”绝不是虚假宣传的挡箭牌！ 千万粉丝博主相宜女博士直播间驼奶粉虚假夸大宣传事件，早已超越单纯的带货纠纷，演变为一场暴露流量时代畸形逻辑的闹剧。面对打假者的质疑，这位顶着“博士”光环的博主没有选择直面问题、核查产品、向消费者致歉，反而开启了“卖惨式公关”——镜头前流眼泪、装可怜，将自身虚假宣传的核心过错抛诸脑后，转而扛起“助农”大旗，把当地牧民和生产企业当作挡箭牌，煽动粉丝质疑打假者“影响企业利润、拖累牧民销量”。这种本末倒置的强词夺理，不仅无法获得公众同情，更凸显了对规则的漠视与对消费者的不尊重。 虚假宣传的本质是欺骗，这一点从未因任何“高尚旗号”而改变。相宜女博士试图用“助农”为自己的错误辩护，本质上是在偷换概念：牧民的辛劳值得尊重，企业的合法经营应当支持，但这一切都不能成为虚假宣传的“免罪金牌”。部分不良商家将蛋白质含量、钙含量远低于宣传标注的驼奶粉产品推向市场，本质是消费欺诈。消费者购买的是“符合宣传营养标准、达到质量要求”的产品，而非“助农情怀”本身。当产品名不副实、核心营养指标被夸大，所谓的“助农”不过是收割信任的幌子，最终只会让真正诚信经营的牧民和企业蒙冤，让消费者对助农带货失去信心。 值得关注的是，这场争议并非止于舆论层面。反诈老陈在最新发出的喊话视频中提到，已有消费者因相宜直播间售卖的驼奶粉宣传与实际不符，向杭州市场监督管理部门发起举报投诉，却因管辖权问题未能立案，消费者被指引至其公司注册地西安的市场监管部门继续维权。消费者的维权困境，本应成为相宜团队正视问题、主动沟通的契机，可其非但没有回应维权诉求，反而继续用“助农”话术转移焦点。这种对消费者权益的漠视，与虚假宣传本身一样令人难以接受——当消费者试图通过合法途径维权时，博主却在煽动粉丝对抗打假者，本质上是在堵塞维权通道，掩盖自身可能存在的违规行为。 更令人费解的是，作为拥有博士学历的高知分子，相宜难道连基本的法律逻辑和是非底线都不懂吗？博士学历不仅代表着专业知识的积累，更意味着对规则、逻辑和社会责任的深刻认知。她所奉行的“捆绑弱势群体避责”逻辑，完全违背了基本的法律原则——法律面前，任何行为的对错都有明确界定，虚假宣传就是违法违规行为，不会因“助农”的旗号而改变性质。这种将高学历当作流量背书，却抛弃学历背后应有的理性与担当的做法，不仅是对博士身份的亵渎，更会对公众产生错误的引导，让人们误以为高学历者可以凭借身份优势，无视法律与道德的约束。 这种“以情怀遮过错”的逻辑，很容易让人联想到西贝预制菜风波。西贝本就是做餐饮的，饭店里用的蔬菜、生鲜、羊肉等食材，无一不是农民、牧民、渔民种出来、养出来的。当初西贝被曝光使用保质期两年的冷冻西兰花，却宣传“现做现炒”，同样涉及虚假宣传，还遭到了罗永浩的质疑。倘若当时贾国龙团队也效仿相宜女博士的做法，不直面预制菜与“现做现炒”宣传不符的核心问题，反而将西兰花、羊肉等食材与背后的农户绑定，哭诉打假者的质疑会让菜农、牧民的产品卖不出去、影响他们的生计，以此煽动公众情绪、转移舆论焦点，想必只会让舆论争议愈演愈烈。毕竟，西兰花确实是地里长出来的，菜农的辛劳也值得体恤，但这绝不能成为西贝虚假宣传的借口，就像牧民的生计不能成为相宜女博士夸大驼奶粉蛋白质含量、钙含量的挡箭牌一样。一旦这种“捆绑弱势群体避责”的逻辑成立，所有企业和博主的虚假宣传行为，都可以找到一个“弱势群体”作为借口，市场规则和消费者权益将荡然无存。 更荒谬的是，这种“为了帮扶弱势群体可以犯错”的逻辑，早已突破了是非底线。这就像有人为贫困所迫实施诈骗，事后却宣称“骗来的钱养活了家人”，难道就能抵消诈骗的违法本质？答案显然是否定的。贫困不是犯罪的借口，“助农”也不是虚假宣传的遮羞布。法律明确规定，虚假宣传、消费欺诈必须承担相应责任，相关涉案人员均需为自己的违法行为付出代价。打假者的初衷，正是为了遏制这种乱象，保护消费者权益，维护公平的市场环境——他们的发声不是在“拖累产业”，而是在清除行业毒瘤，让真正优质的农产品和诚信的经营者获得更长远的发展空间。 近年来，从有关部门查处的“卖惨助农”摆拍案件，到各类虚假宣传纠纷，不难发现“助农”正成为部分不良博主的流量密码。他们编造悲情剧本、虚构助农场景，利用公众的善意实现流量变现，最终导致“狼来了”效应，让真正需要帮助的农民难以获得关注。相宜女博士作为千万粉丝的公众人物，本应以身作则，坚守诚信底线，却反其道而行之，用眼泪和情怀绑架舆论，这种行为不仅消耗了自身的公信力，更污染了网络直播生态。 流量越大，责任越重。消费者的信任不是博主肆意透支的资源，助农的情怀更不是犯错者逃避责任的挡箭牌。面对问题，唯有直面过错、弥补损失、规范经营，才能真正赢得尊重；试图用眼泪模糊焦点、用情怀掩盖错误，只会在错误的道路上越走越远。希望这场闹剧能成为一记警钟，提醒所有带货博主：诚信才是立身之本，任何突破法律和道德底线的行为，终将被市场和公众抛弃。
5247812105143143,邓棋元,Thu Dec 25 18:42:48 +0800 2025,【餐饮透明化：预制菜风波后的行业必修课】 贾国龙首次回应西贝预制菜风波贾国龙说如果能重来坚决不硬刚 西贝预制菜风波中，贾国龙“若重来不硬刚”的回应，道出了餐饮行业的核心命题——消费者反感的从非预制菜技术本身，而是“高价伪装现做”的信息隐瞒。六部委早已明确预制菜定义，西贝中央厨房配送半成品的模式本合规，但模糊的信息披露让消费者产生预期落差，这才是争议根源。 预制菜作为餐饮工业化的产物，能提升效率、保障品质稳定，本无可厚非。消费者真正在意的，是能否拥有知情权与选择权。老乡鸡推行的“三色标签”分类标识，将现做、半预制、复热预制菜品清晰区分，用透明化赢得市场认可，恰是行业示范。 热点观点 此次风波推动了行业进步，不仅让更多品牌加入明示行列，更倒逼预制菜国家标准加速制定。餐饮企业唯有摒弃侥幸心理，主动公开菜品加工信息，让消费者吃得明白、选得放心，才能在信任经济中站稳脚跟。透明化从不是负担，而是餐饮行业可持续发展的必答题。
5247812314858459,风渡浪天,Thu Dec 25 18:43:38 +0800 2025,58岁贾国龙第一次知道什么叫老登 西贝预制菜风波后，58岁贾国龙沉默百天首度发声，坦言被“老登”这类网络骂词骂懵，连续40天靠安眠药入睡。他反思冲动硬刚的错误，向顾客和员工认错，这场舆情让餐饮老兵学会倾听声音～金牌剪刀手一分钟视频创作季 风渡浪天的微博视频
5247813626890434,邓棋元,Thu Dec 25 18:48:51 +0800 2025,【餐饮公关的核心：以真诚换信任……】 贾国龙首次回应西贝预制菜风波贾国龙说如果能重来坚决不硬刚 西贝预制菜风波的公关转折，印证了一个朴素的道理：餐饮行业的底气从不是“嘴硬”，而是“心诚”。贾国龙直言“若重来不硬刚”，道破了传统企业家的舆论短板——以独断专行的思维应对消费关切，非但不能平息争议，反而会像罗永浩式的情绪煽动那样，点燃公众对“高价不透明”的积怨。 消费者的不满从来不是预制菜本身，而是被模糊的知情权。明确区分“冷冻原料”与“冷冻菜”的概念，正是价值回归的第一步。前者是餐饮工业化的效率体现，后者则关乎菜品品质与消费预期，厘清二者边界，才能让消费者吃得明白。 热点观点 一场公关危机，也是一次行业警示。餐饮品牌的信任重建，从来不是靠“态度表演”就能实现。唯有放下傲慢，以透明化的标准公示菜品信息，以实打实的品质匹配定价，才能真正赢得消费者的长久青睐。
5247813920228952,绿茵冲浪手,Thu Dec 25 18:50:01 +0800 2025,贾国龙谈预制菜风波：重来绝不硬刚，专心做好菜和服务才是正解……58岁贾国龙第一次知道什么叫老登 妙梗冲浪手的微博视频
5247815263192377,龙头阳哥,Thu Dec 25 18:55:21 +0800 2025,西贝预制菜风波100天后贾国龙现状 会反思了，不错，有进步
5247820765337623,李子暘Lee,Thu Dec 25 19:17:13 +0800 2025,西贝所有这些努力，被一句“预制菜”全给否定了。本来是典范和样板，居然被贬低至此。如此欺负老实人，实在让人看不下去。
5247821093801380,卓技领航,Thu Dec 25 19:18:31 +0800 2025,贾国龙首次回应西贝预制菜风波沉默百日，贾国龙以“骄傲”复盘西贝预制菜风波，不仅公开向顾客与员工认错，更直面“硬刚罗永浩”“开放厨房失策”等具体错误，这份坦诚比空泛道歉更有分量。尤其难得的是，他将反思落地为实际行动：客单价下降20%且承诺不涨价，缩短预制食材保质期至1个月，还计划通过“欢乐使者”提升服务体验，用真金白银的调整回应消费者关切。 餐饮行业的信任裂痕，从来不是一句“我错了”就能弥合。贾国龙从“独断专行”到“耐心听顾客意见”的转变，从固守政策定义到顺应公众认知的调整，展现了企业掌舵者的纠错勇气。这种“认错不推诿、改错有实招”的态度，既是西贝止损的关键，也为深陷预制菜争议的餐饮同行提供了范本——唯有把消费者感受放在首位，才能重建品牌与公众间的信任纽带。秒懂热点就用智搜贾国龙反思
5247822191921486,AAA烤苹果,Thu Dec 25 19:22:53 +0800 2025,西贝预制菜风波100天后贾国龙现状是我失忆了么，当时硬气的样子历历在目，我以为贾老板心态超绝呢
5247822941130123,才露财笑,Thu Dec 25 19:25:52 +0800 2025,西贝创始人说不该正面硬刚罗永浩西贝预制菜风波100天后，贾国龙打破沉默，以十足诚意公开反思。 他直言“错在骄傲与冲动”，不仅认错硬刚罗永浩、仓促开放厨房等行为，更向顾客、员工及自己郑重致歉，坦言长期忽视消费者声音是最大失误 。 针对冷冻西兰花等争议，他澄清食材标准并缩短保质期，更用实际行动回应关切：30余道菜降价20%且承诺不涨价，鸡汤现熬、饺子现包等门店现制升级回归烟火气。 风波中他连续40天靠安眠药入睡，却坚持不裁员、给员工涨薪，80余次监管检查零违规守住食安底线 。 从“硬刚”到“倾听”，贾国龙放下姿态深耕家庭欢乐餐厅，用真诚反思与真金白银的投入重拾信任，这份直面问题的担当，让西贝回归餐饮本质的转型更显底气。财经财经[超话] 全网热点共创计划微博智搜内容共创计划
5247827817009316,看看新闻Knews,Thu Dec 25 19:45:14 +0800 2025,【贾国龙沉默100天后回应西贝预制菜自认犯下三大错误】贾国龙说若挺不过危机就回家养羊连续40天靠安眠药睡觉，还因为网暴第一次知道什么叫“老登”。沉默100天后，西贝创始人贾国龙首度回应预制菜风波。他将风波根源归结为“骄傲”导致的误判，自认犯下三大错误：正面硬刚罗永浩、贸然开放厨房、使用“网络黑社会”不当表述。针对冷冻西兰花保质期2年的争议，他澄清食材规定要在1-2个月内使用，不是放两年才使用；对于预制菜定义分歧，他承认不该用国家标准对抗公众认知。 对于风波给西贝带来的重创，贾国龙透露正积极寻求支援。他说如果西贝没能挺过危机，将不再创业，与夫人回草原养羊；如果渡过难关，会加大门店投入，加快出海，力争打造有国际影响力的中餐品牌。
5247829024965095,老李滔滔不绝,Thu Dec 25 19:50:01 +0800 2025,贾国龙首次回应西贝预制菜风波，看了贾国龙自己总结的三大错误，怎么感觉老贾还是没有明白这次他错在哪里了？别人我不能代表，但是我花钱去饭店，还是想吃现做出来的新鲜菜，这是中国饮食文化的精髓，不说啥中央厨房不厨房的，我就想吃那一口子烟火气
5247831532119791,36氪,Thu Dec 25 20:00:00 +0800 2025,【氪星播报｜12月25日晚间都有哪些今日大事件？】 [星星]Top3大新闻 1、西贝预制菜风波100天后贾国龙现状，预制菜风波后贾国龙靠吃安眠药入睡 2、iPhone18Pro左上角挖孔设计，计划彻底摒弃“灵动岛”药丸形挖孔 3、保时捷中国回应郑州一门店疑似跑路：正与警方和相关部门在现场核查事实 [星星]科技财经互联网热点 1、Steam已恢复上线，此前平台经历了约一小时的宕机 2、中国内地亿万富豪98%白手起家，中国内地亿万富豪增至470位 3、机器人日租价迎大幅回落，年末需求旺季价格“腰斩”至200元起 [星星]还有哪些其他 1、男子发现女儿非亲生多部门介入调解，要求离婚并返还养育费的案例 2、医生说洋葱是能吃的心脏支架，洋葱中的有机硫化物有助对抗血栓 3、紫燕百味鸡店员偷减牛肉被抓现行，称好后偷拿牛肉的阿姨终于被拍了 4、南博镇馆之宝金兽被指脱皮掉色，院方：属出土文物正常现象 5、女子称30克手镯观望1年已接近4万，店员称目前千元内几乎买不到金饰 6、保时捷中国回应郑州一门店疑似跑路：正与警方和相关部门在现场核查事实 7、男子一次性植入6个心脏支架后去世，鉴定认为双方同等责任
5247836719420790,AAA江南花悦,Thu Dec 25 20:20:37 +0800 2025,西贝预制菜风波100天后贾国龙现状好不容易风波过去了，怎么又出来了
5247838363848331,21世纪经济报道,Thu Dec 25 20:27:09 +0800 2025,【西贝贾国龙说如果能重来坚决不硬刚 三大沉默狠招，西贝悄悄赢回人心】12月25日，西贝创始人贾国龙首度回应预制菜风波。这3个月，他带队打出了一套自救组合拳，等来客流初步回暖。网页链接 21世纪经济报道的微博视频
5247839308612427,财富捕手达哥,Thu Dec 25 20:30:54 +0800 2025,西贝贾国龙时隔100天再次发声：向顾客认错，向员工认错，也向自己认错！贾国龙终于醒悟了，你说你站在人民的对立面能有啥好果子吃，民众要的是食品安全，要的是价格公道，要的是真实不隐瞒不欺骗消费者！
5247839399840221,书生水瓶座,Thu Dec 25 20:31:16 +0800 2025,西贝预制菜风波100天后贾国龙现状自负的代价也是没把消费者放心上的后果 洛阳的水瓶座7的微博视频
5247839947198394,晏秋秋,Thu Dec 25 20:33:26 +0800 2025,建议西贝请罗永浩代言！西贝预制菜风波100天后贾国龙现状预制菜风波后贾国龙靠吃安眠药入睡贾国龙称骄傲让他对很多事产生误判建议西贝请罗永浩代言晏秋秋 晏秋秋的微博视频
5247839995168902,谭浩俊微财经,Thu Dec 25 20:33:38 +0800 2025,西贝预制菜风波100天后贾国龙现状没有啥问题了谭点想法苏大讲
5247842043037478,呵叔本人,Thu Dec 25 20:41:46 +0800 2025,贾国龙首次回应西贝预制菜风波贾国龙还是没有跟得上现在互联网时代的环境，这时候说这些难免让人觉得卖惨博同情，又是入睡靠吃安眠药又是憋了一肚子话的，他说四十年的创业从未遇上如此汹涌的舆情……其实就是在N0.1位子上太久有茧房了，周围都是yesman，然后看着自己的成绩就自大了，和整个时代脱节了，他说骄傲让自己对很多事情产生误判，这点到没说错。 其实西贝没啥大问题，就是贾国龙既不知道如何和罗永浩这种有网络影响力的客户处理好关系，也不知道怎么和普通客户理清预制菜的理解问题。作为饭店肯定是要允许客户吐槽你的的，客户就是你的衣食父母，KOL客户也是，人家一吐槽你就当找事的和舆情处理了肯定不行，起码和客户聊聊，毕竟服务业，没法硬刚，上来就说人家黑社会哪成啊[流汗]，不过他现在还在说不耻于举手投降，说自己认错是向顾客认错、员工认错、自己认错……还把这个事当成仗在打[笑cry]，那个年代的老板就是这样[允悲] 贾国龙说向顾客和员工认错西贝贾国龙说自己犯了三个错58岁贾国龙第一次知道啥叫老登贾国龙说如果能重来坚决不硬刚
5247843414582182,热心市民马力,Thu Dec 25 20:47:13 +0800 2025,西贝预制菜风波100天后贾国龙现状 贾总太“惨”了，咱们以后不吃了，您老好好睡觉休息
5247844986652172,全天候科技,Thu Dec 25 20:53:28 +0800 2025,【西贝预制菜风波100天后贾国龙现状，预制菜风波后贾国龙靠吃安眠药入睡】预制菜风波后贾国龙靠吃安眠药入睡 据南方周末报道，西贝风波已经过去100天。近日，西贝创始人贾国龙接受媒体采访。采访中，他表达对这次风波的深刻反思。贾国龙表示当时不应该选择硬刚，未来会耐心听每位顾客的意见。“我认错，向顾客认错，向员工认错，也向我自己认错”。贾国龙坦言，自己不应该和顾客硬刚，人都是吃一堑长一智，未来不能再独断专行，并表示自己“长期忽视了顾客的声音”“未来要耐心听每位顾客的意见”。 贾国龙称，风波开始至今，西贝全国门店接受了各级政府监管部门的八十多次检查，没有一起违法违规处罚。 回应之前称西贝没有全部预制的菜品，贾国龙表示，除了馒头等主食以外，西贝确实没有完全炒好的、煮熟的菜品直接送到门店，只是许多菜品需要清洗、切配等前期预加工，最后环节都是在门店完成。比如说馒头花卷这些在中央厨房是做熟了的，因为它必须经过长时间面团发酵，门店很难做统一的品控，出品会很不稳定，所以就只在门店做最后的加热。 他称，按国家之前公布的定义，中央厨房预加工食品、主食、原材料预加工都不算预制菜，那么西贝门店里的都不算预制菜，但是，我确实不该用这一定义去对抗公众认知。 针对降价举措，贾国龙明确已降价的菜品不会再涨价，是长期的。同时，未来也会提供更好的附加服务，比如积极研发新菜，打造欢乐温馨的就餐体验。 事件回顾： 9月10日，罗永浩一条质疑西贝使用预制菜的微博登上热搜。9月11日，贾国龙回应称“西贝没有一道预制菜”，并于次日向社会开放西贝门店后厨参观。 9月12日，贾国龙接受媒体采访，承认事件对西贝造成重大冲击，日营业额损失超百万元。此后，面对“1岁宝宝2岁西兰花”“温情公关”等更多争议，贾国龙选择了沉默。 9月15日，西贝官方平台发布致歉信，宣布“尽可能把中央厨房前置加工工艺调整到门店现场加工”“在保证食品安全和库存周转的前提下，尽量缩短保质期”。
5247847798407647,尽倾我之心,Thu Dec 25 21:04:37 +0800 2025,西贝创始人说不该正面硬刚罗永浩问题是罗永浩就是随口说了一句，西贝预制菜太贵了，然后就啥也没干了，就看贾国龙哐哐攮自己好几刀，他要当初啥也不回应，可能过几天大家就把这件事忘了
5247849924659709,周燕妮,Thu Dec 25 21:13:05 +0800 2025,今晚慕名来吃西贝，第一次吃，感觉味道还不错，特别是他家的面筋、炝面馒头、烤羊肉串……当然，我本来也特别喜欢吃西北菜。 我们8点半到的，店内客人很少，服务很棒，有些菜上菜还挺慢的，不过挺让我开心：这道菜应该不是预制菜… 其实在看过很多科技狠活、后厨发臭、食品发霉的新闻后，我对是否是预制菜已没那么执着了，只要食物干净健康一点，这家店就算是良心商家。
5247853142482093,界面新闻,Thu Dec 25 21:25:52 +0800 2025,贾国龙反思预制菜风波不该硬刚【贾国龙称客单价降至75元，西贝降价菜品不会再涨，反思“预制菜风波”不该硬刚】12月25日，据南方周末报道，西贝创始人贾国龙在接受采访中首次回应了此前的预制菜风波，表示当时不应该选择硬刚，未来会耐心听每位顾客的意见。 贾国龙透露自己连续40天靠吃安眠药入睡，这次风波对西贝影响比以往任何经营危机量级都要大。 他表示，按国家之前公布的定义，中央厨房预加工食品、主食、原材料预加工都不算预制菜，那么西贝门店里的都不算预制菜，但自己不该用这一定义去对抗公众认知。 针对10月初西贝40余道菜品的全国降价，贾国龙表示目前西贝的客单价75元左右，较之前降了20%，已降价菜品不会再涨价。 贾国龙称，假如西贝活不下来，绝对不会再创业了。目前扩张放慢，把这三百多家店稳健经营好。如果挺过这场危机，还会继续给门店增加人力投入。
5247853413800537,裸枪,Thu Dec 25 21:26:57 +0800 2025,西贝预制菜风波100天后贾国龙现状 明白问题在哪儿，这个亏就没白吃。也希望西贝能用顾客满意的品质重新支棱起来。
5247853917375583,Vista看天下,Thu Dec 25 21:28:57 +0800 2025,【西贝创始人称长期忽视了顾客声音】西贝创始人称未来不再做个人IP距离西贝预制菜风波已过去100余天，12月25日，红星资本局从西贝获悉，西贝创始人贾国龙反思称：“我长期忽视了顾客的声音，如果再选择一次，坚决不硬刚，耐心听每一个顾客的意见。”对于后续经营，贾国龙表示，将放慢扩张，收缩欲望，把目前的300多家店经营好。
5247862398004953,lion_corn,Thu Dec 25 22:02:39 +0800 2025,西贝预制菜风波100天后贾国龙现状这个人面相眉毛快要翘上天了，自尊心极强，很骄傲的一个人，这样的人，一路下来比较顺利，有点狂了，老天爷对这样的人，一定会安排一个大坑，挫挫他的傲气
5247864671306801,诺恩吉雅HL,Thu Dec 25 22:11:40 +0800 2025,贾国龙称西贝不会变成低价品牌见证过西贝的成长，真心这个内蒙古品牌能发展下去，以一个本土媒体人的角度看，贾总如果真的吃一堑长一智的话，那么即便憋了一肚子的心里话，还是憋着不要说了，用西贝最初的诚意踏踏实实把菜做好。贾国龙回应西贝降价贾国龙再谈预制菜贾国龙称我认错
5247865777819270,买进卖出的的巴飞兔,Thu Dec 25 22:16:05 +0800 2025,【西贝预制菜风波100天后贾国龙现状】预制菜风波后贾国龙靠吃安眠药入睡2025年12月21日，冬至当天，南方周末记者在西贝北京研发中心见到了贾国龙。距离他上一次公开发声，整整过去了100天。 贾国龙称骄傲让他对很多事产生误判 这位西贝创始人说，自己连续40天靠吃安眠药入睡，每天有“处理不完的事”，憋了一肚子的心里话。 9月10日，罗永浩一条质疑西贝使用预制菜的微博登上热搜。9月11日，贾国龙回应称“西贝没有一道预制菜”，并于次日向社会开放西贝门店后厨参观。 9月12日，贾国龙接受媒体采访，承认事件对西贝造成重大冲击，日营业额损失超百万元。此后，面对“1岁宝宝2岁西兰花”“温情公关”等更多争议，贾国龙选择了沉默。 9月15日，西贝官方平台发布致歉信，宣布“尽可能把中央厨房前置加工工艺调整到门店现场加工”“在保证食品安全和库存周转的前提下，尽量缩短保质期”。 1988年从大学退学，带着5500元创业，贾国龙一路从内蒙古巴彦淖尔市临河县，将西贝开到北京，再到如今全国三百多家门店，2023年营收62亿元。 近四十年的创业过程里，贾国龙从未遇上如此汹涌的舆情。采访过程中，他很在意自己的动作和神态会不会被恶意模仿，更在意网络人身攻击。 他说，“贾国龙所有问题都可以归结到两个字——骄傲”。骄傲让他对很多事情产生误判，从投入5亿元、折腾8年执意做快餐，到选择和罗永浩正面“硬刚”。但也一如既往，贾国龙不耻于举手投降：“我认错，我向顾客认错，我向员工认错，也向我自己认错。”（南方周末）（
5247871902557419,吕龟年看天下,Thu Dec 25 22:40:25 +0800 2025,预制菜风波后贾国龙靠吃安眠药入睡西贝风波百日终有回响：贾国龙公开回应认错，更见整改决心！👇👇👇 吕龟年看天下的微博视频
5247872274795329,三叔的装备空间,Thu Dec 25 22:41:54 +0800 2025,在沉默100天后，西贝贾国龙接受采访，承认自己犯下三个错误： 一、选择正面硬刚，说我宁愿不做生意，也要辨明是非，一定要起诉罗永浩； 二、错误开放厨房； 三、在一个微信群聊里发言，回应同行关心，用了“网络黑社会”的说法。 如果能重来，坚决不硬刚。本来挺简单的事，当时承认错误并道歉，同时进行各种补救措施相信机会不会闹这么大。但选择硬气到底，再加上公关水平实在太幼稚，这才搞得不可收拾，吃一堑长一智希望未来能用心经营吧。西贝预制菜风波100天后贾国龙现状全网热点共创计划
5247872385943173,马野之,Thu Dec 25 22:42:20 +0800 2025,贾国龙回应西贝风波从最初硬刚罗永浩、坚称“无预制菜”，到如今坦言“不该正面冲突”，这场舆论危机让品牌付出日营业额锐减百万的代价。 西贝风波发酵百日后，贾国龙的复盘与回应颇引人深思。 冷冻西兰花等长保质期食材与“现做”宣传的反差，本质是消费者知情权与品牌承诺的失衡。 年过五旬的创始人愿直面错误、调整食材周期，这份务实值得肯定，但重建信任仍需长效透明。“活不下来绝不再创业”的表态是背水一战的决心，而餐饮行业的核心终究是诚信——标注清晰、言行一致，才是连锁品牌行稳致远的关键。贾国龙说若西贝活不下来绝不再创业贾国龙回应西贝冷冻西兰花争议西贝创始人说不该正面硬刚罗永浩
5247874515340833,张文奎-非洲种地,Thu Dec 25 22:50:48 +0800 2025,成年人必须有个家庭，才不容易出大事。 四五十岁，没个家，父母也没了，或快没了。那要遇到个啥事整急了，真就无所顾忌。 如果是个穷人，那可能就犯出那种见血的惨事。 如果是个有点本事的人，那可能就无所顾忌没完没了的整人。 正常人之所以正常，有顾忌是重要一条。 有家有孩子，和人有矛盾了，真闹的底朝天，还得考虑别把对方惹急了祸及家人。 那些没孩子的，没有这一条，那越老越没顾忌。横行惯了，事儿可能越惹越大，最后总有个能收拾他的。 小时候打架，总是怕一砖头下去把对方拍死了，我这辈子就完了。以至于对方以为我怕他。所以虽然小时候一直和混混玩儿，终究不是当流氓的材料。 贾国龙那个采访，他说后悔硬刚，说自己“骄傲”了。说的对。他当时就是有点傲慢了，以为自己餐饮行业龙头企业，呼风唤雨的，一个不知道哪跑来的人，栽赃污蔑西贝，那能忍吗？肯定要合理合法的整对方。不就是要告他嘛。 这就是自大了。失去了本心。 餐饮企业，遇到顾客说菜不好吃，预制啥的，基于本心，都应该客客气气的沟通，解释，希望对方删帖，尽量保护企业名声。顾客只要不是碰瓷和讹钱，都得正常沟通。 如果贾当时基于这个本心办事，大概率不会搞的那么大。他后悔反思都是应该的。企业家嘛，责任重大，不能随着性子。有委屈那不太正常了？ 贾国龙那个采访，说明贾是真爷们儿。
5247876856030652,中级销售,Thu Dec 25 23:00:06 +0800 2025,西贝预制菜风波100天后贾国龙现状其实大大方方说一下是中央厨房做的也好，预制的也好，或者即使大家觉得你卖的贵也好，真的都没啥，逛商场的人吃饭真的不会特意跑到商场外面去吃，带孩子的家长也不会因为孩子在商场里玩的火热行，再带孩子跑到外面去吃饭，你在商场里面，快捷，干净卫生，这就够了。没必要纠结是不是预制。
5247882819011886,陈东阳-避坑规划师,Thu Dec 25 23:23:48 +0800 2025,西贝预制菜风波100天后贾国龙现状让尊贵的客户吃转基因，天下第一店
5247884058690933,蓝远知事,Thu Dec 25 23:28:43 +0800 2025,西贝预制菜风波100天后贾国龙现状【从“无预制菜”硬刚到后厨直播，西贝这波操作能赢回信任吗？】从预制菜风波时的倔强硬刚，到如今后厨全程直播、设食安专员，西贝这一百天的转变挺唏嘘。贾国龙靠安眠药入睡的背后，是餐饮人在食品安全与成本效率间的挣扎。后厨直播是诚意，但消费者要的不止是“看得见”，更是从食材到工艺的全链路透明。希望这波整改不是公关秀，而是真的把“食安”刻进骨子里，毕竟食客的信任，碎了再粘就难了！
5247888801662254,凌晨三点喝了一杯苏打,Thu Dec 25 23:47:34 +0800 2025,『沉默100天后，贾国龙首次回应西贝预制菜风波』南方周末
5247889518369057,多才小俊俊,Thu Dec 25 23:50:25 +0800 2025,最近好久没看到西贝被调查的问题了，看来西贝的整改还是卓有成效的。在当前形势下西贝情况在逐渐好转了。西贝预制菜风波100天后贾国龙现状
5247897706957525,帅小伙学长,Fri Dec 26 00:22:57 +0800 2025,贾国龙说若西贝活不下来绝不再创业贾国龙终于正面回应西贝预制菜风波。如果之前就是这种方式回应，西贝不至于走到今天热点解读一分钟视频创作季西贝 帅小伙学长的微博视频
5247923527090439,大兰州,Fri Dec 26 02:05:33 +0800 2025,【贾国龙变圆滑了】12月21日，冬至当天，记者在西贝北京研发中心见到了贾国龙。距离他上一次公开发声，整整过去了100天。西贝预制菜风波100天后贾国龙现状 贾国龙说，自己连续40天靠吃安眠药入睡，每天有“处理不完的事”，憋了一肚子的心里话。“我认错，向顾客认错，向员工认错，也向我自己认错”。贾国龙坦言，自己不应该和顾客硬刚，人都是吃一堑长一智，未来不能再独断专行，并表示自己“长期忽视了顾客的声音”“未来要耐心听每位顾客的意见”。 记者问，如果能重来，你会怎么做？贾国龙：“坚决不硬刚，耐心听每一个顾客的意见。吵架得两个人吵，你不吵，也吵不起来。以后我也不再做个人IP，退回来认真干活。”（南方周末、财经网）
5247942149800232,罗斯栗_,Fri Dec 26 03:19:33 +0800 2025,西贝预制菜风波100天后贾国龙现状真的有人吃嘛还？我吃过那么多预制菜真没咋吃西贝
5247951651996105,小龙女0752,Fri Dec 26 03:57:19 +0800 2025,拖我芳姐福！谢谢周语迪小哥哥！我吃过2次西贝！味道还是不错的，有小零食，小朋友们都喜欢他们的环境！可可爱爱的！还有专门的画纸小朋友是可以画画的，食品只要是健康的，吃点预制菜也是没有问题的！主要是安全健康！其实预制食品我们都在接触食用中，经常吃的牛排！鸡排！鸡柳棒！汉堡都是预制的？很多大型连锁店没有预制是没法做到统一口味的？ 罗永浩大神就是可爱的人，吃个饭还非得帮大家一起降个价全国8折！ 传统的老板己经听习惯了拍马屁，很难听到真话，这是正常的，遇到问题喜欢硬刚！没有思考！ 反是让你痛苦的事情，是倒逼你成长！ 难过是真的！思考是真的！成长也是真的！思变一定会越来越好的！ 罗永浩西贝
5247992240013550,夜泊南河三,Fri Dec 26 06:38:35 +0800 2025,罗永浩喷西贝喷的是涉嫌欺诈，不是预制菜更不是餐饮工业化。故意混淆这一点的，非黑即坏，就别假惺惺的说什么永远感谢了。另外，虽然西贝输得一塌糊涂，但餐饮业的工业化可没有因此停留片刻。该预制菜的依然预制菜，而且相信以后会越来越多，越来越好//
5247993749963122,保尔柯察金-口腔合伙人,Fri Dec 26 06:44:36 +0800 2025,我鼓励大家吃西贝，因为一二线三四线，大部分人吃到的都是预制菜。 西贝起码环境干净一点？ 除了你自己在家做，懂营养和老祖宗医学，你才可能有机会多吃一些应季，新鲜的。 否则大部分人一辈子都可能吃的是预制菜和各种现代化的添加剂。
5248017556832410,写书哥,Fri Dec 26 08:19:11 +0800 2025,西贝预制菜风波100天后贾国龙现状 我非常认同他说的：“吵架需两人参与，不回应便无法升级矛盾”。年轻的时候，总要挣个对错，沾火就着，甚至盼着和人干架，回想起来，绝大多数吵架都是无意义的，即使吵赢了也没啥好处，仅仅心里舒服一下而已。 我养成一个习惯，面对挑衅我很淡定，轻飘飘的回应“感谢提醒，我好好想想”“今天就到这儿吧”。然后转身走开。 不接招、不激化、不解释、不反驳，向大冰学习：“你说的都对！”
5248023294907220,生活帮,Fri Dec 26 08:42:00 +0800 2025,【沉默百天后贾国龙回应预制菜风波贾国龙称开放厨房是错误】沉默100天后，贾国龙首次发声回应西贝预制菜风波：如果能重来，坚决不硬刚。他自曝自己曾连续40天靠吃安眠药入睡。 生活帮的微博视频
5248028856550619,动机资本,Fri Dec 26 09:04:06 +0800 2025,贾国龙称连续40天靠安眠药入睡：不该正面硬刚、群里发信息 12月25日消息，日前，在接受媒体采访时，贾国龙透露自己连续40天靠吃安眠药入睡，每天有“处理不完的事”，这次风波对西贝影响比以往任何经营危机量级都要大。他表示自己犯了好几个错误。“第一个错误是选择正面硬刚，说我宁愿不做生意，也要辨明是非，一定要起诉罗永浩；第二个错误是开放厨房；第三个错误是我在一个微信群聊里发言，回应同行关心，用了‘网络黑社会’的说法。归根结底，都是因为冲动。还有一个更大的错误，是我长期忽视了顾客的声音。” 其中，两个错误，都与罗永浩直接相关。今年9月10日，罗永浩发博批评西贝预制菜价格高、质量差，引发公众对餐饮行业预制菜使用的讨论。但由于被直接点名，这引起了西贝贾国龙的强烈反应，其先是在9月13日左右的新闻发布会上宣布起诉罗永浩，强调要通过法律手段澄清事实，并指责罗永浩的行为超出正常消费者范畴。随后在微信群聊中使用“网络黑社会”等激烈言辞回应同行关切，进一步激化矛盾。此番种种不仅未能回应公众质疑，反倒是让西贝陷入更大的舆论危机。 “如果能重来，坚决不硬刚，耐心听每一个顾客的意见。”贾国龙表示，这件事让他意识到了自己的幼稚和无知，也第一次知道了什么叫“老登”。并就此次硬刚，“我认错，我向顾客认错，我向员工认错，也向我自己认错。”贾国龙还称，假如西贝活不下来，绝对不会再创业了，“和夫人回草原养羊，日子还得过。”截至目前，罗永浩尚未对贾国龙的表态作出反应。现在贾国龙已经明确服软，那接下来就看华与华的华杉会否向罗永浩低头。毕竟，录音还未发。
5248032716619872,钟大厨在江湖,Fri Dec 26 09:19:25 +0800 2025,贾国龙回应西贝风波1、老登挨骂的原因往往是两个，一个是脱离社会、脱离主流网络舆论的发酵池（初中文化年轻人为主），二是赢麻了带来的自负。一个细节，凡是说话喜欢以自己的名字称呼自己的，登味都超浓的。比如贾国龙说“贾国龙所有问题都可以归结到两个字——骄傲”，实际上还是透出骨子里的骄傲。 2、这次虽然输的有点惨，但起码知道为什么输。核心问题是独断专行，公司失去了专业PR的加持，所以才会昏招频出，以对抗的方式让局势升级，主动开放后厨裸奔自爆，华与华这样的吹鼓手还在后面拱火“真男人”。 3、对西蓝花保质期和预制菜与央厨的关系解读是很清晰的。不要指望用标准来解决公众的“知情权”问题，预制菜背后所谓的“知情权”的边界非常模糊，很难有实际可操作的规则。
5248038937297887,朱迪_123,Fri Dec 26 09:44:09 +0800 2025,我公司前2任CEO 都是有点耀武扬威，唯他独大的那种，很老登的感觉。后面都被中登和小登们想办法赶走了 然后香港人过来暂代了一段时间再后面的新CEO 完全换风格了很谦和，很随和，骂人也没那么直接了时代在变，人也要跟着变 西贝预制菜风波100天后贾国龙现状
5248048446050801,法职_庞九林律师,Fri Dec 26 10:21:56 +0800 2025,贾国龙说如果能重来坚决不硬刚热点解读 贾国龙为什么会硬刚？给西贝带来哪些影响？ 一、贾国龙的三大错误 贾国龙：第一个错误是选择正面硬刚，说我宁愿不做生意，也要辨明是非，一定要起诉罗永浩；第二个错误是开放厨房；第三个错误是我在一个微信群聊里发言，回应同行关心，用了“网络黑社会”的说法。归根结底，都是因为冲动。还有一个更大的错误，是我长期忽视了顾客的声音。 贾国龙首次回应西贝预制菜风波 二、贾国龙硬刚原因 1.性格使然、西贝管理风格所限 贾国龙西北人性格，创业 30 余年养成强势、不服输的特质，被描述为“不愿低调、掌控欲强”的领导者，其立领穿搭、强硬表态均体现其性格特质。且西贝内部管理偏 “一言堂”，公关部门难拦其激进回应。 2.对“预制菜”标签的激烈反应 罗永浩公开批评西贝“几乎全是预制菜且价格昂贵”，直接戳中餐饮行业核心痛点——消费者对“现炒现做”的信任与“预制菜”的负面认知。贾国龙作为西贝创始人，选择硬刚的初衷是维护品牌“现做”形象，避免被贴上“欺骗消费者”的标签。他最初否认使用预制菜，并开放后厨自证，但因操作细节暴露（如保质期18个月的食材、半成品加热），反而加剧了公众质疑。 3.行业困境下的生存焦虑 2024 年餐饮行业利润大幅下滑（北京限额以上餐饮企业 1-6 月利润同比降 88.8%，利润率仅 0.37%），预制菜是连锁餐饮降本提效的关键手段。贾国龙将质疑视为对行业普遍模式的否定，若西贝妥协，可能引发消费者对整个连锁餐饮预制 / 预加工模式的抵制，挤压行业生存空间，故选择硬刚以守住行业底线。 4.舆情误判与尊严执念 他初期误判舆论走向，认为能靠 “辨明是非” 扭转公众看法，甚至放言 “宁愿不做生意也要起诉对方”，把争议当成 “尊严之战”，忽视消费者更在意知情权与被尊重的感受，最终陷入自证循环。 三、给西贝造成极大损失 品牌信任崩塌 贾国龙最初否认预制菜使用，但后厨开放后暴露的细节（如袋装鲈鱼、长保质期食材）与宣传严重不符，被公众视为“欺骗”。罗永浩悬赏征集证据、直播拆解配料表等行动，进一步坐实了西贝“言不由衷”的形象。消费者对品牌的信任一旦破裂，修复成本极高，西贝客单价从120元降至75元仍难挽回客流。 经济损失与运营危机 短期损失：风波期间，西贝单日营业额暴跌200万至300万元，年化损失超10亿元，北京核心门店客流减少七成。 长期影响：加盟商集体要求赔偿，员工士气受挫，1.8万员工生计受牵连。贾国龙本人承认“连续40天靠安眠药入睡”，暴露企业面临生存危机。 模式质疑：西贝的“中央厨房预加工”模式被推上风口浪尖，尽管这是连锁餐饮行业通用做法，但消费者对“现做”的执念使其难以自辩。 100 天后贾国龙公开认错，承认 “正面硬刚、开放厨房、口无遮拦” 三大错误，向顾客、员工道歉，调整菜品为现制、降价，并承诺透明化经营。
5248058141971215,海盐无糖,Fri Dec 26 11:00:28 +0800 2025,贾国龙头铁，非要搞他的优质平价。食材质量上去，价格下不来。西贝门店大部分在全国一二线城市，三线城市还得必须好地段好商圈才开的下去。但是逻辑跳跃道德审判癖的网络暴民从北上广深到农村甚至国外到处都有，一大帮都没吃过没听过西贝的人，自诩西贝的消费者喊着莫名其妙维权口号。结果贾国龙被网络暴民带歪，认了不是自己的错。以后外界舆论对西贝的记忆关联，就是那个嘴硬还不承认的预制菜，实际上对品牌形象伤害很大，真不如硬刚到底。但是这一波在明白人眼里，贾国龙简直是圣人附体，赔钱填罗永浩挖的坑。贾国龙说以后不搞个人IP，网上看不到之前爱请客的贾国龙，但他一定会不停被餐饮行业以外的人夸。印证那句“不要迷恋哥，哥只是个传说”。
5248069425956241,观州散人,Fri Dec 26 11:45:18 +0800 2025,西贝预制菜风波100天后贾国龙现状一个企业家不是全才，千万不要只活在自己的认识世界里。这个世界上未知的领域还很多，特别是网络这个空间。希望成功人士都要学习一下，在这个领域往往和现实世界是相反的。
5248074431595511,凉秋子_UgZon,Fri Dec 26 12:05:12 +0800 2025,贾国龙回应西贝风波58岁的西贝创始人贾国龙在沉默100天后直面预制菜风波，坦言连续40天靠安眠药入睡，用“骄傲”二字总结失误根源，引发公众对其反思诚意与行业透明化议题的深度讨论。
5248075847172708,会玩君wpgmedia,Fri Dec 26 12:10:49 +0800 2025,西贝贾国龙后悔硬刚罗永浩：第一次知道什么叫“老登” 西贝预制菜风波平息后，近日，西贝创始人贾国龙在接受采访时表示，此次风波给西贝带来的冲击，远超以往遭遇的任何一次经营危机。“如果能重来自己绝不硬刚。” 贾国龙表示，自己连续40天靠吃安眠药入睡，每天有“处理不完的事”，憋了一肚子的心里话。 他表示近四十年的创业过程里，自己从未遇上如此汹涌的舆情，58岁的他也第一次知道了什么叫“老登”。 贾国龙说自己犯了三个错误，第一个错误是选择正面硬刚，自己宁愿不做生意，也要辨明是非，一定要起诉罗永浩。 第二个错误是开放厨房。 第三个错误是自己在一个微信群聊里发言，回应同行关心，用了“网络黑社会”的说法。 但归根结底，都是因为自己冲动，还有一个更大的错误，是长期忽视了顾客的声音。 访谈期间，当被问及“如果能重来，会采取怎样的做法”时，贾国龙表示：“坚决不硬刚，耐心听每一个顾客的意见。吵架得两个人吵，你不吵，也吵不起来。以后我也不再做个人IP，退回来认真干活。” 他指出：“在管理企业方面，我还是有心得、有兴趣。好好把菜做好、服务好顾客，这才是我擅长的。”
5248078290354576,喜欢娱乐喜欢美食,Fri Dec 26 12:20:32 +0800 2025,预制菜 强制明示🌸预制菜强制明示同时4级标注 有人说 西贝预制菜餐饮公司多年火爆。其实并不是预制菜优秀。是卖营 销宣传赚钱。把小朋友哄高兴了，孩子的父母心甘情愿高价付预制菜的钱。举例，卖女装怎么赚走男人们的钱？曲线赚走男人钱。一是直接卖ge女性们，赚女性的钱。二是曲线赚男性的钱。方法就是打感情牌 道德绑架 歪理邪说绑架 捧杀女和棒杀男。比如，男是老公。就说合格老公要为老婆买女装 买漂亮高价女装。男是儿子。感恩说。报恩妈妈，买女装，买高价优质女装。男是女的男朋友，爱女朋友就帮女买女装，买高价优秀女装，男是女儿的爸爸，爱女儿，买女装，买高价优秀女装。男性不掏钱，就是不爱女性。
5248080682684279,网眼八分斋,Fri Dec 26 12:30:02 +0800 2025,多年前节目里就揭露过！此类人大行其道着实讽刺[弱][弱][弱]项立刚回应与罗永浩之争 罗永浩奖励10万征集西贝预制菜线索 西贝预制菜风波100天后贾国龙现状
5248093052471802,To喵主,Fri Dec 26 13:19:11 +0800 2025,贾国龙首次回应西贝预制菜风波有钱时他桀骜不驯，快没钱了他也折腰了，被他Pua的员工不是天天这样过吗？有啥惨引牛马同情！
5248096733761418,篷皮斯,Fri Dec 26 13:33:49 +0800 2025,罗永浩自嘲是中国最著名失败者罗永浩：争议江湖的“失败”赢家[哈哈][哈哈][污][污] 罗永浩自嘲为“中国最著名的投资失败者”，但他本人恰恰是这个时代最成功的个人IP之一。每一次发言、每一个观点，都能在舆论场掀起巨大波澜。 前几日他在西贝的一顿饭，至今余波荡漾，直接引爆了全网对预制菜的新一轮热议。这种“四两拨千斤”的舆论影响力，堪称现象级。 锤子手机的创业之路虽然未能走通，甚至让他背负重债，但“真还传”的担当赢得了尊重。 如今“交个朋友”直播间做得风生水起，他用实际行动证明：失败不过是成功路上的另一种修行。 从科技圈跨界直播电商，再到脱口秀舞台讲段子自嘲，罗永浩始终精准拿捏着流量时代的脉搏。 小结：争议从未离开过他，但江湖也始终有他的传说——或许这就是他作为初代网红最独特的生存智慧：将每一次“失败”都转化为新的起点。
5248101088756757,时间财经,Fri Dec 26 13:51:07 +0800 2025,贾国龙说如果能重来坚决不硬刚【沉默100天后，贾国龙首次回应西贝预制菜风波 】南方周末：现在你发现自己犯了哪些错误？ 贾国龙：第一个错误是选择正面硬刚，说我宁愿不做生意，也要辨明是非，一定要起诉罗永浩；第二个错误是开放厨房；第三个错误是我在一个微信群聊里发言，回应同行关心，用了“网络黑社会”的说法。归根结底，都是因为冲动。还有一个更大的错误，是我长期忽视了顾客的声音。 南方周末：如果能重来，你会怎么做？ 贾国龙：坚决不硬刚，耐心听每一个顾客的意见。吵架得两个人吵，你不吵，也吵不起来。以后我也不再做个人IP，退回来认真干活。在管理企业方面，我还是有心得、有兴趣。好好把菜做好、服务好顾客，这才是我擅长的。
5248101929455637,蓝天白云Frankie,Fri Dec 26 13:54:28 +0800 2025,回复 贾国龙向顾客和员工认错 贾国龙反思
5248106993028974,张贵杰的微博,Fri Dec 26 14:14:35 +0800 2025,如果西贝坚持以消费者为导向，坚持“好吃不贵”的经营理念， 如果西贝能够清醒的认识到预制菜可以解决标准化问题，但是现炒是中式中高端餐饮的底线，可以合理定价不同的菜品， 如果西贝能够认知，你的所有收入来源来自于消费者的认可，而不是法规和同行业的支持…… 哪有那么多如果， 背叛消费者的西贝如果不倒， 就是中国消费者太没有血性了！ 西贝西贝道歉罗永浩 贾国龙：假如西贝活不下来，绝对不会再创业了，和夫人回草原养羊
5248109283640560,诗人老王,Fri Dec 26 14:23:41 +0800 2025,100天后西贝贾国龙再次发声，他是后悔了还是感到痛了？ 在沉默一百天后，贾国龙再次公开发声。 这100天对我们来说也许就是夏天到冬天的事，但对贾国龙来说并不好过。 贾国龙说他连续40天每天吃安眠药才能睡着。 整个西贝日均营收暴跌两三百万，部分门店更惨。 在这100天里，西贝经历了降价促销和菜品调整，西贝的公关经历了大众的嘲讽，连华与华都被罗永浩拉出来吊打了两次。 也许是教训过于惨痛，贾国龙再次发声时承认了自己的三个错误。 第一个错误是选择正面硬刚。贾国龙说我当初不应该说宁愿不做生意也要辨明是非，也一定要起诉罗永浩。 能承认这个错误，说明贾国龙是真的认真反省了，或者说西贝的业绩下滑真的让他觉得痛了。 人教人教不会，事教人一次就会。如果没有后续一系列无法预料的后果，以贾国龙的性格，再让他选一次，他还是会选择硬刚到底。 整个事件最大的错误其实就是他看到罗永浩吐槽后，大张旗鼓地召开新闻发布会。 我都不说专业的公关公司会怎么看待这个举动了，只要是个正常的成年人都知道这样做太冲动太盲目了。 第二个错误是开放厨房。 如果说贾国龙召开新闻发布会怒斥罗永浩把这件事热度拉高了，那开房厨房这个举动就是把西贝直接带进沟里了。 这是一个转折点，从开房厨房开始直到今天，西贝的口碑都没有缓过来。 所以从贾国龙来看，这确实是一个极大的错误，这个错误发生的原因其实和第一个错误一样，盲目自信过于骄傲嘛。 但从消费者的角度来看，这并不是个错误。 要不是西贝的决策失误，我们绝不可能知道保质期两年的西兰花。西贝作为中国餐饮界的天花板企业，开放后厨后竟然如此不堪，让人无法接受。 第三个错误是他在一个群里回应同行关心时，用了“网络黑社会”的说法。 这就是典型的给人扣帽子了，这个帽子不仅扣在了罗永浩头上，还扣在了大部分网友头上。 说到底其实也是因为过于骄傲，直到贾国龙说这个话的时候他都没有意识到自己有什么问题。 经常在网上吵架的人都知道，给别人扣帽子是最常用的一招。但这一招都是那些吵不过别人的无赖用的。 你贾国龙是西贝的掌舵人呐，学互联网喷子的招数，是不是也太看不起自己了。 记者还问了一个问题：如果能重来，你会怎么做？ 贾国龙说，坚决不硬刚，耐心听每一个顾客的意见。吵架得两个人吵，你不吵，也吵不起来。以后我也不再做个人IP，退回来认真干活。在管理企业方面，我还是有心得、有兴趣。好好把菜做好、服务好顾客，这才是我擅长的。 贾国龙说自己再也不做个人IP是非常明智的。西贝当时出事后，网友玩梗的很多素材其实都来自贾国龙的账号。 等于是用贾国龙的石头砸贾国龙，特别讽刺。 耐心听顾客的意见也没毛病。但你不要自己定义谁是顾客。很明显罗永浩也是顾客。 你不能只听你下面那些人为你安排的所谓的顾客说了些什么，他们肯定是往好了说，即便是缺点也肯定是找一些无关痛痒的地方来说。 不过话说回来，至少从表面上看，这次发声应该是贾国龙所有发声里最有诚意的一次了。 也不知道是真的后悔了还是感觉到痛了。 但真的后悔其实也是因为感觉痛了。 西贝预制菜风波100天后贾国龙现状贾国龙认错
5248113519362268,鲁中晨报,Fri Dec 26 14:40:30 +0800 2025,【西贝预制菜风波100天后贾国龙现状】预制菜风波后贾国龙靠吃安眠药入睡2025年12月21日，冬至当天，南方周末记者在西贝北京研发中心见到了贾国龙。距离他上一次公开发声，整整过去了100天。 贾国龙称骄傲让他对很多事产生误判 这位西贝创始人说，自己连续40天靠吃安眠药入睡，每天有“处理不完的事”，憋了一肚子的心里话。 9月10日，罗永浩一条质疑西贝使用预制菜的微博登上热搜。9月11日，贾国龙回应称“西贝没有一道预制菜”，并于次日向社会开放西贝门店后厨参观。 9月12日，贾国龙接受媒体采访，承认事件对西贝造成重大冲击，日营业额损失超百万元。此后，面对“1岁宝宝2岁西兰花”“温情公关”等更多争议，贾国龙选择了沉默。 9月15日，西贝官方平台发布致歉信，宣布“尽可能把中央厨房前置加工工艺调整到门店现场加工”“在保证食品安全和库存周转的前提下，尽量缩短保质期”。 1988年从大学退学，带着5500元创业，贾国龙一路从内蒙古巴彦淖尔市临河县，将西贝开到北京，再到如今全国三百多家门店，2023年营收62亿元。 近四十年的创业过程里，贾国龙从未遇上如此汹涌的舆情。采访过程中，他很在意自己的动作和神态会不会被恶意模仿，更在意网络人身攻击。 他说，“贾国龙所有问题都可以归结到两个字——骄傲”。骄傲让他对很多事情产生误判，从投入5亿元、折腾8年执意做快餐，到选择和罗永浩正面“硬刚”。但也一如既往，贾国龙不耻于举手投降：“我认错，我向顾客认错，我向员工认错，也向我自己认错。”（南方周末）
5248125994010294,阿狸叭叭电影,Fri Dec 26 15:30:05 +0800 2025,贾国龙首次回应西贝预制菜风波 「书籍推荐 可以看看 折腾不止：西贝创始人贾国龙的成败与蓝图 2024年出版 跨客 西贝原本以2026年IPO、冲击千亿市值为目标，推进资本化进程，2025年9月的预制菜舆论风波成关键“打断点”，上市节奏被严重打乱 。《折腾不止》2024年8月才出版，书中还在凸显贾国龙的创业魄力与西贝的经营理念，结果2025年9月他就因硬刚罗永浩陷入舆论危机，书中形象和现实操作形成反差 。
5248130897413332,knooooy,Fri Dec 26 15:49:34 +0800 2025,“预制菜风波”后贾国龙首发声，称靠安眠药入睡：不该正面硬刚说要起诉罗永浩，已降价菜品不会再涨价 近日贾国龙首次回应西贝预制菜风波。 据南方周末报道，贾国龙接受采访时表示，这次风波对西贝影响比以往所有的经营危机量级都要大。他表示自己连续40天靠吃安眠药入睡，每天有“处理不完的事”，憋了一肚子的心里话。 贾国龙现在回看当初犯了三个错误，“第一个错误是选择正面硬刚，说我宁愿不做生意，也要辨明是非，一定要起诉罗永浩；第二个错误是开放厨房；第三个错误是我在一个微信群聊里发言，回应同行关心，用了‘网络黑社会’的说法。归根结底，都是因为冲动。还有一个更大的错误，是我长期忽视了顾客的声音。” 贾国龙表示，如果能重来，坚决不硬刚，耐心听每一个顾客的意见。针对风波后的降价活动，贾国龙表示，目前西贝的客单价是75元左右，较之前降了20%，已降价的菜品不会再涨价。西贝一直以来都有自己的生态位，成本和品质注定了西贝不会变成一个低价品牌，但也不是个高价品牌，我们希望顾客们在西贝吃得安心，且物有所值。 此外，贾国龙表示，假如西贝活不下来，绝对不会再创业了，“和夫人回草原养羊，日子还得过”。但如果挺过这场危机，他表示还会继续给门店增加人力投入。“西贝是有远大理想的企业，我们要加快出海，努力成为有国际影响力的中餐品牌。” 此前报道： 此前，罗永浩反映西贝餐饮“几乎都是预制菜”，西贝发布公开信称罗永浩指责不实，向全社会开放后厨，顾客在穿戴相关食安防护服装符合食品安全要求的前提下，可参观后厨。 9月14日晚间，西北创始人贾国龙在微信群的一段发言被流传开来。其中，贾国龙表示，“我应对方式有错，改”。还对罗永浩进行了一番评价。 对于被西贝创始人贾国龙称为“网络黑嘴”、“网络黑社会”，罗永浩发文称“好，贾国龙，那这件事我们没法揭过去了。在中间再劝我的朋友，我们一律绝交吧”。
5248136210555116,智慧哥V,Fri Dec 26 16:10:41 +0800 2025,【贾国龙“低头”：认错背后，西贝出路在管理革新】 贾国龙首次回应西贝预制菜风波 沉默100天后，西贝创始人贾国龙接受南方周末采访，一句“我认错”，道尽这百日的煎熬与反思。这场由预制菜引发的风波，让贾国龙为骄傲买了单，也让西贝站在了命运的十字路口。 贾国龙坦言，不该和顾客硬刚，不该用预制菜定义对抗公众认知，更不该忽视顾客声音。这一系列错误，根源在于“骄傲”。从执意做快餐折腾8年，到此次与罗永浩正面交锋，骄傲让他误判形势，让西贝陷入舆论漩涡，日营业额损失超百万元。 不过，认错只是第一步。西贝的未来出路，关键还在企业管理。贾国龙已意识到，要耐心听顾客意见，回归餐饮本质，把菜做好、服务好顾客。西贝积极调改中央厨房，让门店多承担处理环节，虽不可能完全脱离中央厨房，但已尽力回归烟火气。同时，菜品降价且承诺不涨价，提升附加服务，还落实“阳光厨房”，给一线员工涨薪，这些举措都是在重塑品牌形象。 贾国龙说以后不再做个人IP 企业管理是一场持久战，西贝要想重回巅峰，贾国龙得放下骄傲，以谦逊之姿深耕管理，如此，方能在激烈的市场竞争中破局前行。智慧观察
5248142825237628,中国商报,Fri Dec 26 16:36:57 +0800 2025,【贾国龙重申西贝不是预制菜，认错称“是我长期忽视了顾客的声音”】“我认错，向顾客认错，向员工认错，也向我自己认错。”距离西贝预制菜风波已过去100余天，近日在接受媒体采访时，西贝创始人贾国龙反思称：“我长期忽视了顾客的声音，如果再选择一次，坚决不硬刚，耐心听每一个顾客的意见。” 贾国龙称自己犯了三个错误：第一个错误是选择正面硬刚，说宁愿不做生意，也要辨明是非，一定要起诉罗永浩；第二个错误是开放厨房；第三个错误是在一个微信群聊里发言，回应同行关心，用了“网络黑社会”的说法。归根结底，都是因为冲动。贾国龙首次回应西贝预制菜风波贾国龙说如果能重来坚决不硬刚预制菜风波后贾国龙靠吃安眠药入睡 详情戳：
5248155421513432,资深媒体人张子保,Fri Dec 26 17:27:01 +0800 2025,【西贝贾国龙说自己犯了三个错】58岁贾国龙第一次知道啥叫老登 12月21日，贾国龙在北京接受采访。距离他上一次公开发声，整整过去了100天。这位西贝创始人说，自己连续40天靠吃安眠药入睡，每天有“处理不完的事”，憋了一肚子的心里话。近四十年的创业过程里，贾国龙从未遇上如此汹涌的舆情。采访过程中，他很在意自己的动作和神态会不会被恶意模仿，更在意网络人身攻击。过去三个月，58岁的贾国龙第一次知道了什么叫“老登”。贾国龙首次回应西贝预制菜风波 记者提问：现在你发现自己犯了哪些错误？ 贾国龙：第一个错误是选择正面硬刚，说我宁愿不做生意，也要辨明是非，一定要起诉罗永浩；第二个错误是开放厨房；第三个错误是我在一个微信群聊里发言，回应同行关心，用了“网络黑社会”的说法。归根结底，都是因为冲动。还有一个更大的错误，是我长期忽视了顾客的声音。 记者提问：如果能重来，你会怎么做？ 贾国龙：坚决不硬刚，耐心听每一个顾客的意见。吵架得两个人吵，你不吵，也吵不起来。以后我也不再做个人IP，退回来认真干活。在管理企业方面，我还是有心得、有兴趣。好好把菜做好、服务好顾客，这才是我擅长的。（南方周末）
5248155520338747,李天时,Fri Dec 26 17:27:25 +0800 2025,叩问2025老登是一种年纪还是一种感觉 老登是一种感觉，和年纪无关。费翔年龄大不大？六十五六了，可是人家是老baby，比费翔小的俞敏洪、贾国龙，反而成为“老登”。东北方言里的老登，原来是一句粗口，类似于“老糊涂”“老不正经”。谁能想到2025年，这顶帽子，能戴到这两位成功企业家的头顶。冤不冤？冤！为啥冤？点背不能怨社会，还得从自己身上找原因。 “老登”，成为2025年的年度词汇，说明大家需要一个情绪出口，那些思维固化、自说自话、好为人师、不了解网络心理、脱离现实的“成功人士”，都要小心，只要嘴比脑子快，随时可能成为老登，成为舆论场靶子。 网络很难成为讲理的地方，大多数网民关注的，就是“爽”还是“不爽”。你让我不爽，我就让你难堪，何况现在普遍不爽，情绪需要出口。有网感、懂流量、会说话的，都是拿捏情绪的高手，他不见得那么想，但是懂得算计，知道怎么说。三言两语就能把自己打扮成替网民出气的“正义化身”。像俞敏洪这样，自以为率性、有情怀的；像贾国龙这样，又不熟悉社交媒体，还习惯真诚的，掏心掏肺，这都没用，相当于把后背亮给人家，身边还有假帮忙真拱火的，活该倒霉。 网络是墙倒众人推，倒霉的时候，谁都能踩一脚。这个时候，没有人能想起俞敏洪其实是民营企业家里开明的、体面的，新东方最难的时候，依然惦记员工和公益；更没有人会想起，西贝的员工最爱笑，甚至给了困境中的任正非以力量。没有人会想起，贾国龙对员工是真好，让多少乡村里走出来的孩子逆天改命。这两位，都是真金白金对“牛马”好的老板，可是还是搞不过玩嘴的，活生生被流量蹂躏成老登。 为什么？网络就是这样，你一句我一句，跟风骂又安全又上瘾，很少人真的关心“预制菜”标准，甚至很少人关心西贝——经过上上下下七八十次严格的检查，迄今依然一点问题没有，是不是已经证明了西贝食安值得信赖？更不会想到，如果跟风把企业家打倒，把新东方、西贝这样的企业弄垮掉，得打碎多少人的饭碗？可惜，媒体没时间调查，网名没耐心思考，还是逮着一个人先骂过瘾了再说！ 贴上“老登”这个标签，是网民为了对“既得利益者”进行象征性反击，戏谑、嘲讽甚至诅咒，为了宣泄不满，哪怕积攒的不满，跟要打的“老登”无关。这就是现实。在被裹挟的流量面前，“会不会讨好”“能不能打”是能不能活下去的基本标准。 如果俞敏洪扔掉文人的长衫，如果贾国龙不再把“我不懂网络”挂在嘴边，而是同样拿起网络的武器，“你要战，那便战”，有理有据有趣有力，反而代表了血性。“废什么话？干！”这才是抹平心理代沟的唯一方式，更容易得到网络厚爱。如果还是老一套，四平八稳，动不动就反思，动不动就认错，动不动就想远离网络，但凡有这种“想吃怕烫着”的心理，就是“老登”。网络是你想远离就远离的吗？你越想远离麻烦，麻烦的人越想打上门来。越窝囊越容易激发网民的“厌蠢症”。 还是面对现实吧三四十年前，“老登”还是一句东北粗话，主要使用人群还是街溜子，情急之下“老”和“登”之间还要嵌入一个脏字。那时候，谁家孩子嘴里如果吐出这个词，多半要挨家长打。如今“老登”这两个字，已经成了网战主流武器。时间长了，打不过就加入，未来一定还有类似硬嗑，进入到网络语境。“黑话”越多的地方，脑子越少。网络从来不缺回旋镖，若理性不回归，弥漫的戾气，早晚都会成为砍向自己的刀。校园V计划带你涨知识
5248193329632245,海龟后花园,Fri Dec 26 19:57:39 +0800 2025,【读客文化：公司控股股东、华与华创始人华楠和华杉终止筹划控制权变更事项 股票复牌】财联社12月26日电，读客文化(301025.SZ)公告称，停牌期间，公司控股股东华楠、华杉与交易对方就筹划控制权变更事项进行了充分探讨，但由于涉及事项较多，经交易各方就核心条款经多次协商和谈判后，仍未达成共识。经慎重考虑并友好协商，为切实维护公司全体股东及公司利益，本着审慎的原则，决定终止本次控制权变更事项。公司股票自2025年12月29日开市起复牌。 小财注：截至三季度末，华楠、华杉分别持有读客文化41.02%和29.58%股份，为公司的第一和第二大股东。资料显示，华楠、华杉兄弟二人为营销咨询公司“华与华”的创始人。在今年9月西贝“预制菜风波”中，华与华作为西贝长期品牌顾问，曾公开支持西贝“预制菜风波”中的立场，罗永浩指责其“煽动对立”。 华与华贾国龙首次回应西贝预制菜风波罗永浩
5248380611858727,雁归塞北,Sat Dec 27 08:21:51 +0800 2025,贾国龙首次回应西贝预制菜风波贾国龙说如果能重来坚决不硬刚 你怎么睡觉不需要跟我汇报，消费者不是心疼你才吃西贝，更不会因为心疼你去吃假&quot;现炒&quot;菜。 商家应该用产品说话，而不是卖惨，辛辛苦苦赚钱却买不到需要的产品，消费者就不惨吗？ 你不能要求月薪三四千的老百姓心疼上亿大佬。说句更冷血的话，你不是知道错了，你是知道自己要完了。
5248394100475660,奥卡姆剃刀,Sat Dec 27 09:15:27 +0800 2025,当新中餐遇上旧观念：从西贝风波看餐饮工业化的认知鸿沟 三个月前，新中餐领军企业西贝一场‘预制菜风波’引发全网声讨，门店客流锐减。经过西贝自救后，各地门店重现满座排队盛况。 西贝这场过山车式的舆情风波，其意义远超一家企业的危机公关，它更像一堂在舆论场上展开的关于中国餐饮现代化进程的‘公开课’。 一、“新鲜”的重构：冷冻≠劣质，状态优于时间 当时对西贝的指责集中在“冷冻僵尸肉”上，嫩烤羊排价格不菲，居然用冻肉，这不是坑害消费者吗？ 几年前我也有过同样的误解，去内蒙古出差时，邀请方安排的羊肉大餐让我满怀期待，想象中是牧民现宰现煮的新鲜羊肉，结果却是从冷柜里拿出来的冻肉，瞬间大失所望。 了解后才得知，内蒙古草原散养羊的最佳屠宰期仅入冬前三个月，此时羊膘肥体壮、肉质最佳，集中屠宰后分割冷冻，才能供应全国市场一整年。 市面上虽有3-4个月即可出栏的育肥羊，一年四季都能宰杀，但品质远不及草原散养羊。 而能全年供应的高品质西北滩羊，因数量稀少无法满足全国需求，即便运往内地也需冷冻保鲜。 事实上，科学冷冻技术能锁住食材营养与风味，草原冷冻羊的品质反而优于非最佳屠宰期的现宰羊。 二、“安全”的升级：流程可控胜过于眼见为实 保质期两年的西兰花引发众怒，有人讽刺“这比自家孩子岁数都大”。 但公众不知道的是，西兰花表面的微孔结构易残留农残，家庭清洗难以彻底去除，而西贝采用的IQF单体速冻技术（即逐个快速冷冻，避免食材结大冰粒，锁住水分营养），能从根源解决安全问题。 这种处理方式使成本比采购鲜菜增加40%，却符合《食品安全国家标准 冷冻食品通则》(GB 2707-2016)的核心要求，也是规模化标准化的食品安全国际趋势。 人们对冷冻的坏印象多来自家用冰箱——冷冻时间长、冰晶粗大，易刺破食材细胞导致口感变差；而IQF技术通过原料筛选、深度清洗、-35℃急冻等十余个环节，搭配-18℃冷链运输，处理后的西兰花安全可靠、品质上乘，并大量出口日本。 IQF技术的保质保鲜期几乎无限，标注18个月或两年只是国际惯例，西贝的冷冻食材通常一个月内就会消化完毕。就像我们不会等到食品保质期最后一天才吃，冷冻食材的流通逻辑亦是如此。 三、“价值”的博弈：工业化成本≠廉价，客群错配引发口感争议 舆论后期，议题转移到“又贵又不好吃”上面，在这个主观议题的背后，依然是人们对工业化的偏见。 人们普遍认为“手工品”是高价值的，而“工业品”是廉价的，当消费者支付了“现做”的溢价，却感知到“工业化”的出品时，会产生被欺骗感。 其实，新中餐食材源头的品控、食材的深度加工、冷链物流的成本、标准化带来的安全冗余等是非常昂贵的，例如建立一条全封闭现代化的莜麦加工链，就需要投资几千万元。 中高端餐饮业的净利润是很低的，不超过10%，比夫妻店低得多，主要靠的是起量。 至于有些人觉得“不好吃”，主要原因是低油、低盐、低糖、低辣的风格，这对女性和孩子很友好，但对饮酒男子来说滋味就不足了。 对此我有切身感受，曾约一帮老男人在西贝的包间喝酒，总感觉到菜品风味不浓烈、不刺激味蕾、不助酒兴。 大堂散座有很多年轻妈妈带着孩子吃，温和鲜美的味道更适合他们。 吐槽“不好吃”的人并不是在黑西贝，而是他们的真实感受，他们要的是社交欢宴餐，而不是西贝的家庭健康餐，他们选错餐厅了。 四、行业必然：工业化预处理是新中餐的生存之道 我很爱吃炖牛肉，自己在家做，从切肉、焯水到炖煮，至少需要一小时。但在饭店，消费者能容忍的等菜极限是15分钟，这就决定了菜品工业化预处理是新中餐的必需。 最近去西贝点羊肉串，上菜速度很慢，走到明厨明灶一看，发现厨师正在现切现穿。其实我在家准备野餐，都会提前一天切好羊肉腌制，第二天烧烤风味更佳。 在舆论压力下，西贝放弃科学的预处理流程，转而现切现穿，这并非对品质的提升，反而是新中餐的一种倒退。 五、概念厘清：预制菜≠工业化，新中餐需破除术语误解 这场风波的关键词“预制菜”，在公众印象中是“塑料袋装着做好的菜，店家开水烫一下就上桌”——这其实是外卖小作坊的做法，西贝这类档次的新中餐绝不可能如此。 风味的形成必须在门店完成，比如羊肉串需现烤才能产生美拉德效应，不可能是烤好后加热上桌。 按照《关于促进预制菜产业规范健康发展的指导意见》（六部委标准），西贝并未使用预制菜（标准中预制菜指“以农产品为原料，经工业化加工、预包装的成品或半成品菜”），即将推出的新国标也与该标准完全一致。 六、理念对决：锅气与标准的新老中餐碰撞 很多人对中餐的认知停留在“大厨至上”——每个大厨都有独特配方，凭经验下料，大火爆炒出“锅气”。 但这种模式下，原料品质如同开盲盒，缺乏标准且安全性难以保障，还普遍存在高油、高糖、高盐的问题。 “新中餐”主要指大规模连锁餐饮企业依托中央厨房、现代食品加工技术（如IQF）和标准化流程，实现品质稳定、安全可控和高效运营的商业模式。 新中餐的核心是“标准为王”，提倡少油、少糖、少盐，以工业化、标准化保障品质稳定与食品安全。 “锅气”虽承载着国人的味觉记忆，其手工技艺与烟火气值得传承，但难以实现规模化普及；而标准化通过科技手段，能让优质餐饮惠及更多人，这是行业发展的必然趋势。 据中国烹饪协会数据，2024年国内采用中央厨房的连锁餐饮企业占比已达68%，IQF技术在冷冻食材中的应用率超75%，新中餐的工业化转型早已是行业共识。 七、舆论反思：理性科普与情绪对抗的博弈 据媒体报道，西贝舆情风暴后的两个多月里，全国各地市场监督管理部门对西贝门店进行了78次检查，未发现任何食品安全问题。 期间，不少食品安全专家、营养学家和美食大V站出来科普“冷冻西兰花更安全”“冷冻羊肉品质更高”“中央厨房是未来趋势”，却被情绪化的网民恶意攻击。 巧合的是，同期上海多所学校午餐出现蛆虫，经查是绿捷公司存在严重食品卫生问题，其勾结代理公司陪标，非法中标86个校园餐饮项目。 有网友感慨“若西贝接管校园餐饮，绝不会出现这种问题”，但这场恶性食品安全事件的舆论关注度，远远不及西贝风波。 舆情爆发后，海底捞、巴奴火锅、胖东来等知名中餐创始人纷纷声援——并非“同行非冤家”，而是他们都在经历新中餐转型，都在使用IQF技术、中央厨房推进工业化标准化，若西贝的模式被否定，整个行业的转型之路都将受阻。 八、破茧之路：新中餐与消费者的双向奔赴 舆情爆发后，西贝方感到很委屈，冷冻西兰花达出口日本品质，每年高价收购60万只集中屠宰的草原散养羊，食材和卫生全国一流，得到了行业高度认可，为何还被公众唾骂？ 公众则愤怒不已：西贝菜价不低，居然给孩子吃“僵尸肉”和“冷冻菜”，这不就是黑心商家吗？ 行业认知与公众理解之间，永远横亘着一条鸿沟，藏着信息不对称，也藏着传统观念与时代变革的碰撞。 西贝的“悲壮”，本质上是新中餐破茧成蝶的必经阵痛——当工业化、标准化的科学生产方式，撞上大众对“鲜菜现做”“大厨锅气”的固有执念，误解自然如潮水般涌来。 对于新中餐企业，主动透明的沟通（如开放供应链、可视化生产、持续科普）比单纯的技术优越性更重要。 对于消费者，在坚持对品质与安全要求的同时，保持开放心态了解现代食品科技，有助于做出更理性的选择。 唯有通过这样的双向奔赴，在锅气所代表的情感记忆与标准所代表的安全效率之间找到平衡，中国餐饮业的现代化之路才能行稳致远，真正赢得市场的信任与青睐。
5248400016541078,黄斌,Sat Dec 27 09:38:57 +0800 2025,我不管我不管！你们替西贝说话，西贝给了你们多少钱？[挖鼻]//
5248433776757269,上游新闻,Sat Dec 27 11:53:06 +0800 2025,贾国龙失眠敬畏消费者才是解药【贾国龙靠安眠药入睡，敬畏消费者才是解药】敬畏消费者不能只是一句口号据南方周末报道，近日，贾国龙首次回应西贝预制菜风波。贾国龙表示，这次风波对西贝影响比以往所有的经营危机量级都要大，自己连续40天靠吃安眠药入睡，每天有“处理不完的事”，憋了一肚子的心里话。 贾国龙称当初犯了三个错误，“第一个错误是选择正面硬刚，说我宁愿不做生意，也要辨明是非，一定要起诉罗永浩；第二个错误是开放厨房；第三个错误是我在一个微信群聊里发言，回应同行关心，用了不妥的说法。归根结底，都是因为冲动。还有一个更大的错误，是我长期忽视了顾客的声音。” 贾国龙的“失眠”，本质上是品牌信任崩塌后的焦虑。他提到的三个错误，表面看是应对的失当，实则是企业在面对消费者质疑时的傲慢与错位。 当罗永浩表达不满时，西贝第一反应不是自查与沟通，而是试图通过法律手段“硬刚”批评者、用行业术语辩解，甚至情绪化地攻击舆论环境。这种“硬碰硬”的姿态，恰恰印证了他所承认的“忽视顾客声音”——在品牌的逻辑里，证明自己“没问题”比让顾客“吃得满意”更重要。 餐饮行业的本质是服务，消费者的感受从来都比一时的意气之争更有分量。企业品牌的树立应该用服务和品质说话，而不是企业家卖惨。这次风波的核心是“花现做菜的钱吃复热餐”的价值落差，以及信息不透明带来的被欺骗感。罗永浩的吐槽只是导火索，真正的炸药包是长期积累的消费信任危机。贾国龙所谓的“硬刚”，不仅没能平息争议，反而让公众看到了品牌对消费者知情权的漠视。 从“硬刚”到“认错”，贾国龙的态度转变值得肯定，但更关键的是如何将“敬畏消费者”从口号转化为行动。真正的解药，不在于事后道歉多么诚恳，而在于企业能否重新建立起让消费者放心的口碑。 贾国龙的40天失眠，是给所有餐饮企业的一记警钟，任何试图用话术蒙蔽公众、用强硬态度压制质疑的做法，最终都将反噬自身，用真诚和透明重新获取消费者的信任，才是让企业掌舵人安心入睡的良方。（上游新闻 崔涛）
5248460659887892,吴春芳--中国定位研究,Sat Dec 27 13:39:56 +0800 2025,预制菜的公众负面认知（包括核废水，盐糖健康负面性），真理与之无关。 这就是西贝老总贾国龙的认知盲点→你无法改变公众认知（观念）：公众将认知视为现实，认知引导事实。越解释越乱，越解释反弹的力量越大（激发公众情绪）。 我在2024年警示“预制菜”概念的负面性，可能会引发餐饮行业造成危机，特别是高端餐饮。
5248498971714157,凌雁林岳,Sat Dec 27 16:12:10 +0800 2025,近日，九毛九集团推出了全新餐饮品牌“潮那边・潮汕烤鲜牛肉”（下称“潮那边”），该品牌的主要卖点包括“新鲜”、“潮汕牛肉”和“AI”。 当前，烤肉赛道站着超10万家门店，呷哺集团和海底捞旗下的烤肉品牌也走出了截然不同的发展态势，呷哺集团的高端烤肉品牌早已关闭，海底捞的烤肉品牌则成其发展最快的子品牌。 除了加码烤肉赛道外，九毛九集团近期动作密集，不断在对旗下门店进行爆改——太二品牌持续以“鲜活”理念升级门店，还开出新川菜店型，山西菜品牌“九毛九”也想借“鲜活”做文章，此外，其旗下多个品牌餐厅门店还启动全菜单透明分类制度，想要与预制菜做进一步的切割。这些调整，能给九毛九集团带来多大增益呢？ 对于九毛九集团闯入烤肉赛道，凌雁咨询分析师林岳向南都湾财社记者分析称，潮汕烤肉是九毛九集团“鲜活”战略的组成部分，从概念上来讲，烤鲜牛肉有一定的新鲜感，但这并不是一个颠覆性的品类。“潮汕”的背书是一把双刃剑，好处是可以体现牛肉鲜甜的定位，教育成本较低，坏处则是烧烤所带来焦香会掩盖潮汕鲜肉本身的香甜，市场的反馈还需要进一步验证，特别是高价格带的品牌定位会更难一些。 对于当前九毛九集团的转型战略，林岳表示看好。他指出，九毛九集团大部分子品牌定位中高端，在西贝预制菜风波之后主打“鲜”字文章有一定机会。现制、现炒是顾客愿意付出更高价格的重要理由，制作透明化、可视化也能直接回应顾客的关切。这个策略能否成功，主要取决于改造升级之后的成本控制，与客流量、坪效、翻台率之间能否取得平衡，新模型也对供应链的稳定性、效率以及菜品的交付水平都提出了更高的要求。 而对于调整动作最多的太二，林岳称，太二已经到了需要从内到外整体升级的阶段，原有酸菜鱼的模式已到了强弩之末，鲜料川菜的模式是全新的太二，目前“新太二”这种新店型正在试水，后续，品牌需要结合市场响应及盈利情况来考虑是否全面改造升级。九毛九 南方都市报：
